match_id,overworld_seed,avg_elo,is_forfeited,winning_time_sec
12159935,VILLAGE,1407.0,False,924.365
12159934,RUINED PORTAL,767.5,False,929.746
12159932,VILLAGE,844.5,False,1049.789
12159930,SHIPWRECK,1186.0,True,
12159928,VILLAGE,392.0,True,
12159926,VILLAGE,785.0,False,1399.177
12159923,DESERT TEMPLE,626.5,False,3020.011
12159918,DESERT TEMPLE,1726.0,False,614.759
12159915,RUINED PORTAL,1060.0,False,1103.483
12159911,VILLAGE,1169.0,False,938.849
12159905,VILLAGE,446.5,True,
12159903,VILLAGE,951.0,False,1071.482
12159901,SHIPWRECK,663.0,True,
12159900,VILLAGE,622.0,True,
12159899,SHIPWRECK,639.5,True,
12159897,RUINED PORTAL,978.0,True,
12159889,RUINED PORTAL,1296.0,False,762.119
12159885,DESERT TEMPLE,1142.0,False,955.571
12159881,VILLAGE,1056.0,False,1088.674
12159880,RUINED PORTAL,1989.0,False,807.538
12159879,SHIPWRECK,1642.5,False,790.785
12159877,VILLAGE,971.5,True,
12159875,SHIPWRECK,860.0,False,1006.784
12159874,VILLAGE,1536.5,True,
12159870,VILLAGE,519.5,True,
12159868,DESERT TEMPLE,737.5,False,1511.301
12159867,DESERT TEMPLE,806.0,False,862.08
12159864,SHIPWRECK,684.5,True,
12159860,BURIED TREASURE,1532.0,False,852.08
12159856,DESERT TEMPLE,495.5,True,
12159855,BURIED TREASURE,1358.5,True,
12159854,DESERT TEMPLE,596.0,True,
12159852,VILLAGE,,True,
12159849,DESERT TEMPLE,389.0,True,
12159848,SHIPWRECK,1969.0,True,
12159847,RUINED PORTAL,702.0,True,
12159846,RUINED PORTAL,1275.0,False,1235.795
12159844,VILLAGE,866.5,True,
12159843,RUINED PORTAL,1063.5,False,951.984
12159838,BURIED TREASURE,1261.5,False,908.738
12159837,DESERT TEMPLE,717.5,True,
12159835,SHIPWRECK,876.5,True,
12159833,DESERT TEMPLE,1347.5,True,
12159832,VILLAGE,650.0,True,
12159831,DESERT TEMPLE,846.0,True,
12159830,DESERT TEMPLE,418.0,True,
12159828,VILLAGE,537.0,True,
12159826,SHIPWRECK,1000.5,False,1544.17
12159825,DESERT TEMPLE,762.5,False,1410.652
12159824,SHIPWRECK,1159.0,False,1325.618
12159821,SHIPWRECK,533.5,True,
12159820,BURIED TREASURE,1539.5,False,844.229
12159819,BURIED TREASURE,1725.5,False,511.461
12159818,DESERT TEMPLE,1361.5,True,
12159817,DESERT TEMPLE,748.0,True,
12159816,VILLAGE,531.0,True,
12159814,BURIED TREASURE,1447.5,False,767.97
12159813,VILLAGE,899.0,False,1502.914
12159812,RUINED PORTAL,1211.5,True,
12159811,DESERT TEMPLE,1610.5,False,572.576
12159809,VILLAGE,1156.0,False,750.03
12159806,DESERT TEMPLE,1406.5,False,671.532
12159801,RUINED PORTAL,1986.0,True,
12159799,VILLAGE,387.0,True,
12159792,SHIPWRECK,1027.0,True,
12159790,VILLAGE,1290.5,False,913.859
12159788,SHIPWRECK,936.5,True,
12159785,RUINED PORTAL,1249.5,True,
12159784,DESERT TEMPLE,723.5,True,
12159781,SHIPWRECK,449.5,True,
12159777,DESERT TEMPLE,1180.0,False,996.124
12159776,DESERT TEMPLE,374.0,True,
12159774,SHIPWRECK,1127.0,False,976.425
12159773,VILLAGE,1676.0,True,
12159772,DESERT TEMPLE,1104.5,True,
12159771,VILLAGE,644.0,True,
12159770,VILLAGE,795.0,False,1571.859
12159765,VILLAGE,882.0,True,
12159763,RUINED PORTAL,1727.0,True,
12159762,VILLAGE,1365.0,True,
12159761,VILLAGE,1017.5,True,
12159760,VILLAGE,702.0,True,
12159757,VILLAGE,887.5,False,880.518
12159751,VILLAGE,555.0,False,2844.259
12159750,VILLAGE,1075.0,False,1096.965
12159748,VILLAGE,1130.0,False,1163.485
12159742,RUINED PORTAL,1089.0,True,
12159741,RUINED PORTAL,761.5,False,990.266
12159738,VILLAGE,616.0,True,
12159737,VILLAGE,1100.0,False,806.241
12159732,VILLAGE,520.0,True,
12159730,SHIPWRECK,1399.0,False,1019.964
12159727,SHIPWRECK,841.5,True,
12159725,RUINED PORTAL,763.0,True,
12159724,VILLAGE,1457.0,True,
12159722,DESERT TEMPLE,918.5,False,1164.244
12159719,DESERT TEMPLE,1900.0,True,
12159718,DESERT TEMPLE,1352.0,False,839.999
12159717,SHIPWRECK,1461.5,False,732.583
12159713,SHIPWRECK,905.0,False,1356.276
12159712,DESERT TEMPLE,629.5,True,
12159708,SHIPWRECK,1293.5,True,
12159707,RUINED PORTAL,1057.0,True,
12159704,SHIPWRECK,2089.5,False,767.061
12159703,RUINED PORTAL,1079.0,True,
12159702,DESERT TEMPLE,1728.0,True,
12159701,VILLAGE,969.0,True,
12159699,DESERT TEMPLE,531.0,False,3806.527
12159697,SHIPWRECK,569.5,True,
12159691,VILLAGE,596.5,True,
12159688,VILLAGE,675.0,False,1095.252
12159686,RUINED PORTAL,1128.0,True,
12159685,RUINED PORTAL,722.0,False,1015.334
12159683,VILLAGE,599.0,True,
12159679,DESERT TEMPLE,931.0,True,
12159678,DESERT TEMPLE,1350.0,False,1127.87
12159677,SHIPWRECK,1534.0,False,677.83
12159676,RUINED PORTAL,2020.0,True,
12159675,DESERT TEMPLE,1182.0,True,
12159674,VILLAGE,866.5,True,
12159673,DESERT TEMPLE,,True,
12159671,DESERT TEMPLE,1116.0,True,
12159670,SHIPWRECK,564.0,True,
12159669,SHIPWRECK,716.0,True,
12159668,BURIED TREASURE,1683.5,False,685.662
12159667,DESERT TEMPLE,846.5,False,1010.225
12159666,RUINED PORTAL,1224.0,False,830.791
12159665,VILLAGE,621.0,True,
12159664,DESERT TEMPLE,839.5,True,
12159662,VILLAGE,1297.5,True,
12159659,VILLAGE,428.0,True,
12159658,RUINED PORTAL,1313.0,True,
12159657,DESERT TEMPLE,847.0,False,856.772
12159656,RUINED PORTAL,1010.0,False,1176.874
12159652,RUINED PORTAL,1034.0,True,
12159651,DESERT TEMPLE,685.5,True,
12159649,VILLAGE,1053.5,True,
12159647,RUINED PORTAL,1395.0,True,
12159646,RUINED PORTAL,,True,
12159642,VILLAGE,462.5,True,
12159636,VILLAGE,542.0,True,
12159635,DESERT TEMPLE,819.5,False,1162.227
12159634,SHIPWRECK,1791.0,True,
12159630,DESERT TEMPLE,1343.5,True,
12159626,VILLAGE,1321.0,False,810.069
12159624,BURIED TREASURE,1322.0,True,
12159622,RUINED PORTAL,1559.5,False,596.146
12159618,VILLAGE,505.0,True,
12159616,VILLAGE,1680.0,False,645.014
12159615,SHIPWRECK,592.0,True,
12159614,VILLAGE,1662.5,True,
12159611,SHIPWRECK,1551.0,True,
12159610,SHIPWRECK,1125.0,False,955.174
12159609,BURIED TREASURE,1638.5,True,
12159608,VILLAGE,677.0,True,
12159606,BURIED TREASURE,1974.5,False,583.965
12159600,VILLAGE,1063.0,True,
12159599,DESERT TEMPLE,909.0,False,1288.951
12159598,SHIPWRECK,1115.5,False,851.482
12159596,BURIED TREASURE,1596.0,True,
12159595,VILLAGE,434.0,True,
12159594,RUINED PORTAL,1414.5,True,
12159593,SHIPWRECK,1257.5,False,1012.571
12159588,DESERT TEMPLE,1747.0,False,518.121
12159587,VILLAGE,1174.5,True,
12159584,DESERT TEMPLE,594.0,True,
12159580,VILLAGE,716.5,True,
12159577,DESERT TEMPLE,597.0,True,
12159575,RUINED PORTAL,1131.0,True,
12159573,DESERT TEMPLE,1405.5,False,666.889
12159572,DESERT TEMPLE,1238.0,True,
12159571,DESERT TEMPLE,404.0,True,
12159570,RUINED PORTAL,937.0,False,844.324
12159565,VILLAGE,829.0,True,
12159563,VILLAGE,869.5,False,1588.055
12159562,RUINED PORTAL,1502.5,False,540.024
12159557,SHIPWRECK,1968.5,False,733.48
12159555,DESERT TEMPLE,945.0,False,1569.335
12159554,RUINED PORTAL,808.0,True,
12159553,VILLAGE,1615.5,False,654.118
12159551,VILLAGE,674.0,False,2140.043
12159549,VILLAGE,654.5,True,
12159544,VILLAGE,,True,
12159542,RUINED PORTAL,694.5,True,
12159541,VILLAGE,1002.5,False,836.95
12159538,SHIPWRECK,852.0,True,
12159537,DESERT TEMPLE,658.0,True,
12159536,VILLAGE,648.0,True,
12159534,VILLAGE,844.5,False,1108.831
12159532,DESERT TEMPLE,1384.0,False,816.865
12159529,DESERT TEMPLE,605.0,True,
12159528,RUINED PORTAL,1125.5,True,
12159527,SHIPWRECK,759.0,False,914.376
12159525,SHIPWRECK,635.0,False,3008.626
12159524,VILLAGE,1924.0,True,
12159522,DESERT TEMPLE,673.5,False,1330.354
12159519,VILLAGE,951.0,False,1340.917
12159516,SHIPWRECK,1455.0,True,
12159515,VILLAGE,1107.0,False,804.935
12159512,VILLAGE,803.0,False,2144.073
12159511,RUINED PORTAL,1074.5,True,
12159508,SHIPWRECK,1024.5,True,
12159506,SHIPWRECK,1235.5,True,
12159501,VILLAGE,1050.5,True,
12159499,DESERT TEMPLE,1170.0,False,847.137
12159498,DESERT TEMPLE,1616.5,True,
12159495,DESERT TEMPLE,380.0,True,
12159494,VILLAGE,1529.5,True,
12159493,DESERT TEMPLE,1217.5,True,
12159492,VILLAGE,458.5,False,2398.011
12159491,DESERT TEMPLE,1126.0,False,919.381
12159488,VILLAGE,600.0,True,
12159486,DESERT TEMPLE,1297.0,True,
12159483,RUINED PORTAL,1088.5,True,
12159478,VILLAGE,587.0,True,
12159476,RUINED PORTAL,621.0,False,2065.208
12159473,BURIED TREASURE,1717.0,True,
12159469,DESERT TEMPLE,758.0,True,
12159466,DESERT TEMPLE,1455.0,False,837.495
12159460,SHIPWRECK,1098.5,True,
12159459,SHIPWRECK,1155.5,True,
12159457,DESERT TEMPLE,511.5,True,
12159456,SHIPWRECK,829.0,True,
12159455,VILLAGE,480.0,True,
12159454,SHIPWRECK,680.5,True,
12159453,SHIPWRECK,606.0,True,
12159446,SHIPWRECK,935.0,False,809.859
12159444,RUINED PORTAL,1134.5,True,
12159441,RUINED PORTAL,994.0,True,
12159440,SHIPWRECK,741.0,True,
12159439,BURIED TREASURE,1715.5,False,556.393
12159436,BURIED TREASURE,2109.5,True,
12159435,DESERT TEMPLE,736.0,False,691.127
12159434,VILLAGE,597.0,False,1528.739
12159433,BURIED TREASURE,1384.5,False,866.755
12159432,SHIPWRECK,1663.5,False,983.88
12159428,VILLAGE,916.5,True,
12159426,RUINED PORTAL,1134.0,False,806.277
12159421,DESERT TEMPLE,2000.0,False,798.18
12159419,RUINED PORTAL,816.0,False,1351.423
12159417,SHIPWRECK,,True,
12159415,VILLAGE,1105.0,True,
12159412,BURIED TREASURE,1302.0,True,
12159411,DESERT TEMPLE,1030.5,True,
12159410,SHIPWRECK,1041.5,True,
12159408,RUINED PORTAL,655.5,False,1653.661
12159407,RUINED PORTAL,1295.0,True,
12159405,SHIPWRECK,618.5,True,
12159402,DESERT TEMPLE,561.0,True,
12159401,VILLAGE,1694.0,False,616.889
12159400,VILLAGE,412.5,True,
12159399,DESERT TEMPLE,1491.5,True,
12159398,DESERT TEMPLE,1261.5,True,
12159397,DESERT TEMPLE,1348.0,True,
12159395,VILLAGE,1402.5,True,
12159394,DESERT TEMPLE,1516.0,False,730.075
12159393,RUINED PORTAL,2013.0,False,562.175
12159391,DESERT TEMPLE,1407.0,True,
12159390,VILLAGE,966.5,False,904.42
12159389,RUINED PORTAL,1108.0,True,
12159388,DESERT TEMPLE,1179.0,False,802.606
12159387,SHIPWRECK,884.0,True,
12159386,VILLAGE,1343.0,False,781.156
12159384,RUINED PORTAL,665.0,True,
12159382,SHIPWRECK,465.5,True,
12159381,RUINED PORTAL,673.0,True,
12159380,VILLAGE,1101.5,False,763.778
12159379,SHIPWRECK,878.0,True,
12159373,RUINED PORTAL,1284.0,False,645.363
12159370,SHIPWRECK,887.0,True,
12159366,RUINED PORTAL,1228.0,False,838.193
12159365,SHIPWRECK,673.5,True,
12159362,SHIPWRECK,717.0,True,
12159358,DESERT TEMPLE,1059.0,True,
12159355,SHIPWRECK,1291.5,False,790.257
12159354,SHIPWRECK,1164.5,True,
12159353,VILLAGE,565.5,False,1431.414
12159352,DESERT TEMPLE,1603.0,False,629.211
12159351,SHIPWRECK,1685.5,False,719.478
12159349,VILLAGE,1442.0,False,719.245
12159345,SHIPWRECK,1113.0,False,913.007
12159344,BURIED TREASURE,1673.5,True,
12159343,VILLAGE,868.5,True,
12159341,VILLAGE,1045.0,False,861.533
12159340,BURIED TREASURE,1262.0,False,1001.7
12159336,BURIED TREASURE,1852.5,False,533.929
12159335,DESERT TEMPLE,694.5,True,
12159332,VILLAGE,635.0,True,
12159331,SHIPWRECK,1049.5,False,971.659
12159330,DESERT TEMPLE,828.5,True,
12159328,VILLAGE,1165.0,True,
12159326,RUINED PORTAL,614.0,True,
12159325,VILLAGE,639.5,True,
12159322,DESERT TEMPLE,538.0,True,
12159320,SHIPWRECK,1039.0,False,1053.124
12159316,RUINED PORTAL,894.5,True,
12159315,VILLAGE,918.5,True,
12159314,BURIED TREASURE,1535.5,False,659.79
12159313,VILLAGE,606.0,False,3582.854
12159312,DESERT TEMPLE,700.0,True,
12159310,SHIPWRECK,1206.0,False,907.949
12159309,DESERT TEMPLE,1069.5,False,793.946
12159308,BURIED TREASURE,1499.0,True,
12159306,DESERT TEMPLE,546.0,True,
12159305,RUINED PORTAL,1635.0,False,518.679
12159304,VILLAGE,1370.0,False,801.157
12159303,DESERT TEMPLE,1382.5,True,
12159300,DESERT TEMPLE,878.0,False,1199.674
12159299,DESERT TEMPLE,1902.5,False,589.219
12159298,VILLAGE,403.0,True,
12159297,DESERT TEMPLE,897.5,True,
12159296,RUINED PORTAL,1173.5,True,
12159293,VILLAGE,1099.5,False,945.227
12159290,SHIPWRECK,606.0,True,
12159285,BURIED TREASURE,1638.5,False,802.24
12159284,DESERT TEMPLE,702.5,False,1253.497
12159283,DESERT TEMPLE,396.5,True,
12159282,VILLAGE,1353.5,True,
12159280,SHIPWRECK,1035.5,True,
12159277,DESERT TEMPLE,1321.5,True,
12159275,VILLAGE,774.5,False,1371.496
12159274,RUINED PORTAL,1411.0,True,
12159272,SHIPWRECK,654.5,False,2193.614
12159271,VILLAGE,1106.0,False,1224.485
12159268,RUINED PORTAL,1238.5,False,1056.142
12159267,DESERT TEMPLE,1990.0,False,672.848
12159266,VILLAGE,1046.0,True,
12159261,VILLAGE,1156.0,False,888.413
12159260,SHIPWRECK,1122.5,True,
12159258,VILLAGE,996.5,False,870.005
12159255,SHIPWRECK,859.0,False,954.933
12159253,DESERT TEMPLE,1194.0,False,724.287
12159252,VILLAGE,,True,
12159251,RUINED PORTAL,637.0,True,
12159250,RUINED PORTAL,1086.0,True,
12159248,VILLAGE,616.0,True,
12159247,VILLAGE,830.0,True,
12159246,SHIPWRECK,1106.5,True,
12159245,VILLAGE,564.0,True,
12159244,SHIPWRECK,1745.5,False,608.213
12159242,DESERT TEMPLE,543.0,True,
12159240,DESERT TEMPLE,969.5,False,1045.327
12159237,BURIED TREASURE,1425.0,False,1092.584
12159234,VILLAGE,670.0,True,
12159231,RUINED PORTAL,1372.0,False,662.767
12159230,RUINED PORTAL,801.5,False,1402.607
12159226,VILLAGE,504.0,True,
12159225,SHIPWRECK,877.0,True,
12159222,SHIPWRECK,1168.0,True,
12159218,RUINED PORTAL,1199.0,False,748.625
12159215,DESERT TEMPLE,1688.5,True,
12159208,SHIPWRECK,1260.5,True,
12159206,SHIPWRECK,987.5,True,
12159200,SHIPWRECK,714.0,True,
12159199,RUINED PORTAL,1015.5,False,1460.166
12159197,SHIPWRECK,2067.0,True,
12159195,DESERT TEMPLE,1063.5,False,979.483
12159188,DESERT TEMPLE,1307.0,True,
12159186,RUINED PORTAL,873.0,False,1634.23
12159184,SHIPWRECK,1127.5,True,
12159181,SHIPWRECK,899.0,False,1141.385
12159179,VILLAGE,855.0,False,972.814
12159178,RUINED PORTAL,711.0,False,1095.234
12159176,DESERT TEMPLE,2441.5,False,723.132
12159175,RUINED PORTAL,1650.0,True,
12159171,SHIPWRECK,801.0,True,
12159169,VILLAGE,,True,
12159168,DESERT TEMPLE,1088.0,True,
12159167,RUINED PORTAL,701.0,False,1358.929
12159166,BURIED TREASURE,1666.0,False,757.159
12159165,VILLAGE,511.5,True,
12159163,DESERT TEMPLE,944.5,True,
12159160,VILLAGE,722.0,False,922.094
12159158,SHIPWRECK,1139.5,False,1034.208
12159157,DESERT TEMPLE,,True,
12159154,RUINED PORTAL,971.5,False,1029.198
12159151,DESERT TEMPLE,1005.5,False,862.664
12159150,DESERT TEMPLE,1363.0,False,858.665
12159148,DESERT TEMPLE,536.0,True,
12159146,DESERT TEMPLE,527.0,True,
12159144,SHIPWRECK,696.0,True,
12159138,SHIPWRECK,1122.5,True,
12159135,DESERT TEMPLE,1287.5,False,1054.864
12159133,DESERT TEMPLE,734.5,True,
12159131,DESERT TEMPLE,455.0,True,
12159129,SHIPWRECK,907.5,True,
12159126,SHIPWRECK,1312.5,True,
12159125,VILLAGE,685.0,True,
12159123,DESERT TEMPLE,1076.5,True,
12159122,DESERT TEMPLE,1101.0,True,
12159121,VILLAGE,1151.5,False,1063.247
12159120,RUINED PORTAL,1611.0,True,
12159119,BURIED TREASURE,1350.0,False,926.071
12159113,RUINED PORTAL,1621.0,False,789.259
12159112,VILLAGE,704.5,True,
12159111,VILLAGE,1592.5,False,868.316
12159110,DESERT TEMPLE,1398.5,True,
12159106,RUINED PORTAL,1382.0,False,967.243
12159103,DESERT TEMPLE,1090.5,False,997.846
12159101,VILLAGE,815.5,False,887.339
12159100,RUINED PORTAL,891.0,True,
12159099,RUINED PORTAL,1484.5,False,489.915
12159098,DESERT TEMPLE,1078.0,False,891.667
12159096,DESERT TEMPLE,572.0,True,
12159095,BURIED TREASURE,1949.5,False,614.689
12159092,BURIED TREASURE,1935.5,False,658.142
12159091,VILLAGE,1078.0,False,915.551
12159088,BURIED TREASURE,1436.5,False,645.333
12159082,DESERT TEMPLE,1345.5,False,881.573
12159080,SHIPWRECK,1110.5,False,821.604
12159078,BURIED TREASURE,1449.0,True,
12159076,SHIPWRECK,680.0,True,
12159073,BURIED TREASURE,1571.5,False,581.52
12159069,SHIPWRECK,1329.0,False,901.242
12159067,BURIED TREASURE,1342.5,True,
12159066,VILLAGE,445.5,True,
12159063,DESERT TEMPLE,759.0,True,
12159062,VILLAGE,458.5,False,1385.209
12159061,VILLAGE,709.0,False,792.4
12159058,VILLAGE,894.0,False,1515.179
12159056,RUINED PORTAL,786.5,True,
12159051,BURIED TREASURE,2089.5,False,638.114
12159049,RUINED PORTAL,1550.5,False,1558.727
12159048,SHIPWRECK,1150.5,True,
12159047,DESERT TEMPLE,1000.0,True,
12159046,VILLAGE,853.5,True,
12159044,DESERT TEMPLE,1257.5,True,
12159043,VILLAGE,329.0,False,1430.856
12159042,SHIPWRECK,1736.5,False,604.381
12159041,RUINED PORTAL,739.5,False,2039.657
12159040,SHIPWRECK,773.5,False,1474.423
12159039,VILLAGE,1102.5,False,889.164
12159038,DESERT TEMPLE,1085.5,True,
12159036,DESERT TEMPLE,885.0,False,1176.753
12159035,VILLAGE,537.5,True,
12159033,DESERT TEMPLE,1069.0,False,889.53
12159031,VILLAGE,742.0,False,1823.345
12159029,DESERT TEMPLE,555.0,True,
12159026,DESERT TEMPLE,579.0,True,
12159022,VILLAGE,525.5,True,
12159021,RUINED PORTAL,1064.5,True,
12159020,SHIPWRECK,608.0,True,
12159018,RUINED PORTAL,1730.5,False,574.351
12159017,DESERT TEMPLE,738.5,True,
12159013,DESERT TEMPLE,908.0,True,
12159012,VILLAGE,593.0,True,
12159011,RUINED PORTAL,1616.5,False,524.327
12159010,SHIPWRECK,931.5,True,
12159009,RUINED PORTAL,1177.0,True,
12159005,SHIPWRECK,614.5,True,
12159003,SHIPWRECK,684.0,True,
12159002,VILLAGE,1692.5,False,616.686
12159000,RUINED PORTAL,1654.5,False,503.306
12158999,SHIPWRECK,850.5,False,1152.029
12158998,VILLAGE,2055.5,False,650.413
12158997,DESERT TEMPLE,1037.5,True,
12158995,RUINED PORTAL,860.5,True,
12158993,RUINED PORTAL,1044.5,True,
12158992,RUINED PORTAL,653.5,True,
12158990,SHIPWRECK,531.5,False,2652.936
12158989,VILLAGE,1535.5,False,899.403
12158986,SHIPWRECK,1120.0,False,1881.826
12158985,VILLAGE,929.5,True,
12158982,SHIPWRECK,1140.5,False,1071.182
12158980,SHIPWRECK,794.0,True,
12158979,VILLAGE,536.0,True,
12158969,DESERT TEMPLE,931.5,True,
12158967,RUINED PORTAL,1014.0,False,957.918
12158965,VILLAGE,936.0,True,
12158961,DESERT TEMPLE,1086.0,False,1319.297
12158959,VILLAGE,467.0,False,1832.836
12158958,RUINED PORTAL,1192.5,False,937.473
12158956,SHIPWRECK,1248.0,False,813.814
12158954,VILLAGE,803.5,True,
12158953,RUINED PORTAL,1166.0,False,773.937
12158952,RUINED PORTAL,1362.0,True,
12158951,RUINED PORTAL,2001.5,False,502.057
12158950,SHIPWRECK,1037.5,True,
12158948,DESERT TEMPLE,1078.5,False,930.403
12158945,DESERT TEMPLE,1146.5,True,
12158940,VILLAGE,614.0,True,
12158937,RUINED PORTAL,938.0,False,1005.804
12158936,SHIPWRECK,700.0,True,
12158928,SHIPWRECK,1127.5,True,
12158927,VILLAGE,1383.5,False,821.66
12158926,VILLAGE,1537.5,False,675.556
12158924,SHIPWRECK,1094.5,False,996.056
12158923,VILLAGE,645.0,True,
12158920,VILLAGE,1115.0,True,
12158919,VILLAGE,683.0,True,
12158918,SHIPWRECK,998.5,False,871.508
12158917,SHIPWRECK,447.5,True,
12158916,DESERT TEMPLE,2400.0,False,516.809
12158915,VILLAGE,1306.0,False,887.964
12158913,DESERT TEMPLE,1318.0,True,
12158911,BURIED TREASURE,1232.5,False,984.374
12158910,DESERT TEMPLE,877.0,False,1114.479
12158908,SHIPWRECK,1315.0,False,928.633
12158907,RUINED PORTAL,931.5,False,1699.058
12158905,VILLAGE,1695.5,False,772.413
12158904,SHIPWRECK,605.0,True,
12158903,DESERT TEMPLE,1220.5,True,
12158902,DESERT TEMPLE,986.0,True,
12158896,DESERT TEMPLE,1025.5,True,
12158894,RUINED PORTAL,1046.5,False,1339.279
12158892,DESERT TEMPLE,1113.0,False,951.982
12158891,RUINED PORTAL,985.5,False,1246.019
12158886,SHIPWRECK,379.0,True,
12158885,BURIED TREASURE,1325.5,False,1129.395
12158884,VILLAGE,619.5,False,1874.017
12158878,RUINED PORTAL,1392.5,True,
12158876,BURIED TREASURE,1484.5,True,
12158875,VILLAGE,407.0,True,
12158874,DESERT TEMPLE,1414.5,True,
12158873,SHIPWRECK,1404.5,True,
12158872,VILLAGE,1355.5,False,672.659
12158869,DESERT TEMPLE,1257.5,True,
12158868,VILLAGE,330.0,True,
12158865,SHIPWRECK,1017.5,False,979.844
12158863,RUINED PORTAL,1578.0,False,566.048
12158862,BURIED TREASURE,1213.0,False,895.041
12158861,VILLAGE,502.0,True,
12158860,SHIPWRECK,1476.5,False,1020.887
12158859,DESERT TEMPLE,628.0,True,
12158856,RUINED PORTAL,1114.0,False,928.176
12158854,VILLAGE,1972.0,True,
12158853,SHIPWRECK,1369.0,False,781.272
12158852,RUINED PORTAL,853.5,False,982.43
12158851,BURIED TREASURE,1294.0,True,
12158850,VILLAGE,1182.5,False,1035.368
12158849,VILLAGE,1654.5,False,825.414
12158845,DESERT TEMPLE,2185.0,True,
12158843,SHIPWRECK,1613.5,False,756.772
12158842,DESERT TEMPLE,722.5,True,
12158841,SHIPWRECK,907.0,True,
12158840,SHIPWRECK,858.0,True,
12158837,DESERT TEMPLE,1176.5,False,915.748
12158832,DESERT TEMPLE,982.0,True,
12158831,BURIED TREASURE,1555.5,True,
12158830,DESERT TEMPLE,602.0,True,
12158829,SHIPWRECK,588.0,True,
12158828,DESERT TEMPLE,1606.0,True,
12158827,VILLAGE,492.5,True,
12158825,DESERT TEMPLE,716.0,True,
12158819,SHIPWRECK,938.0,True,
12158818,RUINED PORTAL,1871.5,False,786.56
12158817,VILLAGE,793.0,False,1699.66
12158816,DESERT TEMPLE,428.0,False,2324.104
12158815,RUINED PORTAL,1036.5,True,
12158814,SHIPWRECK,486.0,True,
12158812,VILLAGE,680.0,True,
12158811,VILLAGE,508.0,True,
12158810,DESERT TEMPLE,960.5,False,1110.783
12158809,SHIPWRECK,1353.0,False,916.636
12158807,RUINED PORTAL,635.0,False,1777.702
12158805,DESERT TEMPLE,543.0,False,3043.96
12158804,RUINED PORTAL,697.5,True,
12158803,SHIPWRECK,1047.0,False,1763.762
12158802,DESERT TEMPLE,711.0,True,
12158801,SHIPWRECK,879.5,True,
12158800,RUINED PORTAL,1097.5,False,842.413
12158799,SHIPWRECK,683.5,False,1703.809
12158796,VILLAGE,1139.5,False,825.796
12158789,DESERT TEMPLE,822.5,False,1226.132
12158786,DESERT TEMPLE,901.5,False,974.285
12158782,DESERT TEMPLE,1629.0,True,
12158781,VILLAGE,589.0,True,
12158777,RUINED PORTAL,2022.0,False,812.876
12158776,DESERT TEMPLE,587.0,True,
12158775,BURIED TREASURE,1237.5,True,
12158774,DESERT TEMPLE,933.5,False,854.146
12158773,DESERT TEMPLE,1372.0,False,717.499
12158770,VILLAGE,1063.5,True,
12158769,BURIED TREASURE,1666.5,True,
12158768,VILLAGE,1144.0,False,732.357
12158767,RUINED PORTAL,1104.0,True,
12158765,SHIPWRECK,815.0,True,
12158764,VILLAGE,432.5,True,
12158762,BURIED TREASURE,1290.5,False,673.112
12158758,BURIED TREASURE,1716.0,False,549.071
12158756,VILLAGE,878.5,False,1450.152
12158755,SHIPWRECK,1053.5,False,1290.839
12158752,DESERT TEMPLE,1188.0,True,
12158751,DESERT TEMPLE,835.5,True,
12158746,VILLAGE,1070.5,False,830.393
12158745,VILLAGE,2035.0,False,645.134
12158744,VILLAGE,1153.5,True,
12158743,SHIPWRECK,1322.0,False,776.215
12158738,DESERT TEMPLE,520.5,True,
12158733,BURIED TREASURE,1378.5,True,
12158731,VILLAGE,517.5,True,
12158729,VILLAGE,1146.5,True,
12158721,DESERT TEMPLE,398.0,True,
12158710,SHIPWRECK,1095.5,True,
12158705,SHIPWRECK,951.0,False,1082.03
12158704,VILLAGE,580.0,True,
12158702,VILLAGE,1020.5,False,961.825
12158701,DESERT TEMPLE,2409.0,False,492.906
12158700,SHIPWRECK,1446.5,False,729.954
12158697,DESERT TEMPLE,994.0,True,
12158695,RUINED PORTAL,704.0,False,1330.67
12158694,SHIPWRECK,1159.5,True,
12158692,DESERT TEMPLE,1186.5,False,822.888
12158691,SHIPWRECK,843.0,True,
12158684,BURIED TREASURE,1587.0,True,
12158675,DESERT TEMPLE,1249.0,False,703.561
12158674,DESERT TEMPLE,1159.5,True,
12158671,SHIPWRECK,1334.5,True,
12158670,RUINED PORTAL,1056.0,False,1144.201
12158668,SHIPWRECK,1512.5,False,936.352
12158665,RUINED PORTAL,723.5,False,909.08
12158662,BURIED TREASURE,1927.5,False,728.732
12158658,SHIPWRECK,988.0,True,
12158657,VILLAGE,1043.0,True,
12158655,SHIPWRECK,800.5,False,1000.977
12158652,VILLAGE,714.0,True,
12158650,SHIPWRECK,1525.0,True,
12158649,SHIPWRECK,1408.0,False,672.567
12158648,SHIPWRECK,1145.5,False,770.439
12158647,SHIPWRECK,538.0,True,
12158645,DESERT TEMPLE,994.0,True,
12158643,BURIED TREASURE,1419.0,False,1012.809
12158642,VILLAGE,901.0,False,1027.344
12158641,VILLAGE,1610.5,True,
12158639,VILLAGE,1655.0,False,606.693
12158637,DESERT TEMPLE,1140.5,True,
12158635,DESERT TEMPLE,860.5,True,
12158634,BURIED TREASURE,1391.0,False,658.221
12158633,DESERT TEMPLE,725.0,True,
12158627,VILLAGE,431.0,True,
12158626,DESERT TEMPLE,1413.5,False,717.128
12158625,BURIED TREASURE,1222.5,False,959.994
12158623,DESERT TEMPLE,556.0,True,
12158622,SHIPWRECK,1390.0,True,
12158621,SHIPWRECK,721.0,True,
12158620,BURIED TREASURE,1400.0,True,
12158618,RUINED PORTAL,1177.0,False,1171.07
12158617,SHIPWRECK,907.0,False,1199.607
12158616,BURIED TREASURE,1285.5,False,702.775
12158615,DESERT TEMPLE,858.0,True,
12158614,DESERT TEMPLE,1291.0,True,
12158611,DESERT TEMPLE,1343.0,False,670.363
12158609,DESERT TEMPLE,742.5,False,1287.083
12158608,VILLAGE,1100.0,True,
12158607,VILLAGE,473.0,True,
12158605,DESERT TEMPLE,1261.5,False,1103.541
12158602,BURIED TREASURE,1249.5,True,
12158597,SHIPWRECK,510.0,True,
12158590,VILLAGE,710.0,False,1600.538
12158589,RUINED PORTAL,916.0,True,
12158587,VILLAGE,928.5,True,
12158586,RUINED PORTAL,1355.5,False,557.043
12158583,RUINED PORTAL,1128.0,False,1038.044
12158582,RUINED PORTAL,1041.0,False,917.584
12158577,DESERT TEMPLE,1380.0,False,728.415
12158575,SHIPWRECK,889.5,False,1856.394
12158574,DESERT TEMPLE,1645.5,True,
12158573,DESERT TEMPLE,522.0,False,1280.405
12158572,VILLAGE,,True,
12158571,DESERT TEMPLE,518.0,False,1539.447
12158567,SHIPWRECK,1128.0,False,1043.647
12158566,DESERT TEMPLE,832.5,False,1370.012
12158564,BURIED TREASURE,1310.0,False,834.014
12158562,SHIPWRECK,1130.0,False,904.663
12158561,VILLAGE,890.0,True,
12158554,RUINED PORTAL,818.0,True,
12158553,VILLAGE,1665.0,False,622.53
12158552,RUINED PORTAL,1271.5,False,1000.444
12158551,VILLAGE,1577.0,False,543.326
12158550,VILLAGE,594.5,True,
12158549,VILLAGE,899.0,False,1316.836
12158548,VILLAGE,1194.0,False,1036.131
12158547,DESERT TEMPLE,1874.5,False,629.724
12158546,SHIPWRECK,872.0,False,1161.541
12158545,SHIPWRECK,469.0,True,
12158542,VILLAGE,591.0,True,
12158540,SHIPWRECK,1005.0,False,965.89
12158539,RUINED PORTAL,640.0,True,
12158538,VILLAGE,1145.0,False,742.909
12158537,RUINED PORTAL,1390.5,False,819.371
12158536,VILLAGE,1651.5,False,729.943
12158534,VILLAGE,647.5,True,
12158533,SHIPWRECK,1565.0,False,1138.732
12158532,DESERT TEMPLE,,True,
12158531,VILLAGE,887.0,False,1459.618
12158530,SHIPWRECK,553.0,True,
12158529,RUINED PORTAL,1262.5,False,688.86
12158526,DESERT TEMPLE,1256.5,False,725.802
12158520,RUINED PORTAL,1355.0,True,
12158519,VILLAGE,584.0,True,
12158516,DESERT TEMPLE,627.0,True,
12158515,SHIPWRECK,1101.5,False,1060.614
12158513,VILLAGE,458.5,False,2155.402
12158509,DESERT TEMPLE,1010.0,True,
12158508,VILLAGE,1161.5,True,
12158504,DESERT TEMPLE,1016.0,False,1000.794
12158503,VILLAGE,448.0,True,
12158500,VILLAGE,645.0,True,
12158498,SHIPWRECK,1396.0,False,877.676
12158497,RUINED PORTAL,2139.0,True,
12158496,DESERT TEMPLE,1117.5,False,1461.603
12158494,SHIPWRECK,420.5,True,
12158492,RUINED PORTAL,1875.0,False,552.092
12158491,DESERT TEMPLE,1588.0,False,749.909
12158490,DESERT TEMPLE,1177.5,False,975.639
12158487,DESERT TEMPLE,1099.0,True,
12158482,DESERT TEMPLE,1059.5,True,
12158481,VILLAGE,588.0,True,
12158480,DESERT TEMPLE,517.0,True,
12158479,RUINED PORTAL,1099.5,False,1086.892
12158476,DESERT TEMPLE,685.0,True,
12158473,SHIPWRECK,618.5,False,1978.03
12158471,DESERT TEMPLE,1366.0,False,764.941
12158470,DESERT TEMPLE,885.0,True,
12158469,DESERT TEMPLE,1131.0,True,
12158466,RUINED PORTAL,1123.0,False,756.772
12158460,VILLAGE,1491.5,False,750.608
12158459,DESERT TEMPLE,423.0,True,
12158458,BURIED TREASURE,1331.5,False,715.816
12158456,DESERT TEMPLE,862.0,False,1136.762
12158454,DESERT TEMPLE,915.5,False,1074.67
12158449,DESERT TEMPLE,662.5,True,
12158448,DESERT TEMPLE,936.0,False,1258.61
12158445,SHIPWRECK,1571.0,False,725.874
12158444,VILLAGE,730.0,False,1146.615
12158441,SHIPWRECK,954.0,True,
12158437,VILLAGE,494.0,True,
12158436,DESERT TEMPLE,1128.5,True,
12158434,RUINED PORTAL,1261.0,False,1011.692
12158433,BURIED TREASURE,1233.5,False,728.141
12158430,VILLAGE,518.0,True,
12158428,SHIPWRECK,1112.0,False,823.706
12158426,DESERT TEMPLE,1112.0,False,909.192
12158423,RUINED PORTAL,778.5,True,
12158422,BURIED TREASURE,1460.0,False,705.657
12158421,DESERT TEMPLE,,True,
12158419,VILLAGE,1124.0,True,
12158418,BURIED TREASURE,2099.0,False,620.101
12158415,RUINED PORTAL,1018.5,True,
12158412,RUINED PORTAL,620.0,True,
12158411,VILLAGE,710.5,False,1266.777
12158410,RUINED PORTAL,671.5,True,
12158409,RUINED PORTAL,1044.5,False,692.856
12158408,BURIED TREASURE,1262.5,True,
12158407,DESERT TEMPLE,1113.0,True,
12158403,BURIED TREASURE,2097.5,True,
12158399,RUINED PORTAL,778.0,False,780.868
12158398,BURIED TREASURE,1335.5,False,604.589
12158397,RUINED PORTAL,2096.5,False,794.204
12158395,RUINED PORTAL,1059.5,False,1016.739
12158386,SHIPWRECK,1422.5,True,
12158383,DESERT TEMPLE,433.0,True,
12158381,BURIED TREASURE,1387.5,False,595.369
12158378,SHIPWRECK,1683.0,False,700.685
12158375,DESERT TEMPLE,918.5,False,1296.378
12158373,VILLAGE,1376.0,True,
12158369,SHIPWRECK,1551.0,False,648.18
12158368,DESERT TEMPLE,571.0,True,
12158367,DESERT TEMPLE,1208.5,False,1026.391
12158366,RUINED PORTAL,981.5,True,
12158365,RUINED PORTAL,2099.0,False,518.091
12158363,RUINED PORTAL,1169.0,True,
12158357,SHIPWRECK,785.0,False,2337.061
12158353,RUINED PORTAL,1399.5,True,
12158350,DESERT TEMPLE,580.5,True,
12158346,VILLAGE,1073.0,False,841.814
12158343,DESERT TEMPLE,371.0,False,2831.879
12158341,DESERT TEMPLE,1123.0,False,871.303
12158339,VILLAGE,303.5,True,
12158338,SHIPWRECK,868.5,True,
12158337,DESERT TEMPLE,773.0,True,
12158336,DESERT TEMPLE,820.5,False,688.076
12158335,RUINED PORTAL,1401.5,False,615.14
12158332,DESERT TEMPLE,1114.0,False,743.421
12158331,VILLAGE,1362.5,True,
12158330,DESERT TEMPLE,783.0,True,
12158327,DESERT TEMPLE,1634.5,True,
12158325,SHIPWRECK,730.5,False,1347.204
12158324,DESERT TEMPLE,767.0,False,2013.665
12158323,DESERT TEMPLE,341.5,True,
12158322,DESERT TEMPLE,901.5,True,
12158321,DESERT TEMPLE,662.5,False,1925.942
12158318,SHIPWRECK,793.0,True,
12158314,VILLAGE,598.0,False,1218.266
12158313,RUINED PORTAL,965.0,True,
12158312,SHIPWRECK,1326.5,True,
12158311,RUINED PORTAL,714.5,True,
12158310,RUINED PORTAL,863.0,True,
12158309,DESERT TEMPLE,488.0,True,
12158308,VILLAGE,1024.0,True,
12158305,DESERT TEMPLE,666.5,False,1323.185
12158304,VILLAGE,533.0,True,
12158303,SHIPWRECK,436.0,True,
12158302,DESERT TEMPLE,1374.0,False,733.973
12158301,RUINED PORTAL,1471.5,False,685.051
12158299,DESERT TEMPLE,,True,
12158290,DESERT TEMPLE,600.0,True,
12158287,VILLAGE,735.0,False,1034.182
12158280,VILLAGE,987.5,False,1123.91
12158279,DESERT TEMPLE,912.5,False,1343.122
12158278,RUINED PORTAL,1248.0,True,
12158277,VILLAGE,800.5,True,
12158276,VILLAGE,1035.5,False,1183.977
12158275,VILLAGE,1255.5,False,851.183
12158274,DESERT TEMPLE,779.0,True,
12158273,DESERT TEMPLE,1132.0,False,846.193
12158271,RUINED PORTAL,1404.0,False,587.45
12158267,BURIED TREASURE,1517.0,False,555.322
12158264,RUINED PORTAL,1005.5,False,1832.383
12158263,VILLAGE,885.0,True,
12158260,DESERT TEMPLE,707.5,True,
12158259,VILLAGE,1071.0,False,1210.613
12158256,VILLAGE,546.5,True,
12158254,VILLAGE,1781.0,False,729.588
12158250,DESERT TEMPLE,1070.0,False,920.868
12158249,SHIPWRECK,869.5,True,
12158247,VILLAGE,1071.0,True,
12158246,VILLAGE,564.0,True,
12158243,VILLAGE,1635.5,False,922.323
12158242,SHIPWRECK,1356.0,True,
12158239,SHIPWRECK,1383.5,False,677.016
12158238,VILLAGE,1968.5,False,620.619
12158234,VILLAGE,1255.0,True,
12158233,DESERT TEMPLE,369.5,True,
12158232,RUINED PORTAL,1016.5,True,
12158230,VILLAGE,999.0,True,
12158227,RUINED PORTAL,613.0,True,
12158226,VILLAGE,1356.0,True,
12158221,VILLAGE,1114.5,True,
12158220,VILLAGE,733.0,True,
12158218,RUINED PORTAL,830.5,False,1257.68
12158217,VILLAGE,1148.0,False,975.508
12158216,VILLAGE,613.5,True,
12158215,BURIED TREASURE,1273.0,True,
12158214,VILLAGE,1036.0,False,850.018
12158213,RUINED PORTAL,1230.0,True,
12158209,BURIED TREASURE,1661.5,False,630.314
12158208,VILLAGE,687.5,True,
12158207,SHIPWRECK,1141.0,False,1360.23
12158205,DESERT TEMPLE,864.0,True,
12158203,VILLAGE,547.0,True,
12158202,DESERT TEMPLE,726.0,True,
12158200,DESERT TEMPLE,1048.0,True,
12158199,VILLAGE,534.0,True,
12158197,RUINED PORTAL,633.0,True,
12158196,BURIED TREASURE,2199.5,False,631.039
12158195,VILLAGE,1515.5,False,1128.535
12158193,BURIED TREASURE,1408.5,False,791.899
12158192,RUINED PORTAL,1331.5,False,720.599
12158190,SHIPWRECK,1129.5,False,1364.654
12158188,VILLAGE,1391.5,False,861.493
12158185,VILLAGE,1583.5,False,772.782
12158184,SHIPWRECK,1293.5,True,
12158177,RUINED PORTAL,869.5,True,
12158175,DESERT TEMPLE,2033.0,False,588.493
12158171,DESERT TEMPLE,931.0,False,933.718
12158167,SHIPWRECK,1201.0,True,
12158163,DESERT TEMPLE,608.0,True,
12158161,BURIED TREASURE,1427.5,False,636.713
12158157,DESERT TEMPLE,355.0,False,1538.858
12158153,DESERT TEMPLE,1303.5,False,760.918
12158145,SHIPWRECK,1075.5,False,1042.544
12158142,VILLAGE,706.5,True,
12158141,DESERT TEMPLE,856.5,False,1366.406
12158140,SHIPWRECK,1130.5,True,
12158138,RUINED PORTAL,719.0,True,
12158137,RUINED PORTAL,2419.5,False,564.92
12158135,VILLAGE,1632.5,False,888.766
12158134,RUINED PORTAL,1101.0,False,1051.365
12158133,DESERT TEMPLE,522.5,True,
12158131,SHIPWRECK,769.5,False,1294.379
12158129,RUINED PORTAL,753.0,True,
12158127,SHIPWRECK,1002.5,True,
12158126,RUINED PORTAL,622.0,True,
12158125,RUINED PORTAL,697.0,False,1817.141
12158123,DESERT TEMPLE,602.0,False,2895.601
12158122,VILLAGE,1530.5,False,662.891
12158119,RUINED PORTAL,609.0,True,
12158118,SHIPWRECK,644.5,True,
12158117,SHIPWRECK,2075.0,False,545.99
12158116,VILLAGE,1178.0,False,768.578
12158115,VILLAGE,593.0,True,
12158113,SHIPWRECK,1039.5,False,1014.86
12158112,SHIPWRECK,1393.5,False,729.138
12158110,DESERT TEMPLE,1410.0,False,796.604
12158104,BURIED TREASURE,1482.0,True,
12158103,DESERT TEMPLE,1073.5,False,1011.081
12158102,RUINED PORTAL,1185.0,True,
12158100,RUINED PORTAL,2004.5,False,569.063
12158099,RUINED PORTAL,837.0,True,
12158094,DESERT TEMPLE,658.0,True,
12158092,VILLAGE,518.5,True,
12158089,BURIED TREASURE,1640.5,False,599.866
12158086,DESERT TEMPLE,931.5,True,
12158085,VILLAGE,562.5,True,
12158084,RUINED PORTAL,1530.0,False,664.04
12158082,DESERT TEMPLE,437.0,True,
12158081,VILLAGE,795.5,False,1354.887
12158079,SHIPWRECK,1407.0,False,664.405
12158078,VILLAGE,422.0,True,
12158077,VILLAGE,504.5,False,3897.698
12158074,SHIPWRECK,1259.5,False,866.928
12158073,VILLAGE,977.0,False,1466.431
12158071,VILLAGE,1232.0,False,777.71
12158070,RUINED PORTAL,784.0,True,
12158069,DESERT TEMPLE,924.5,False,815.37
12158066,SHIPWRECK,1409.5,True,
12158065,RUINED PORTAL,934.0,True,
12158064,VILLAGE,1145.5,False,840.267
12158056,SHIPWRECK,1303.5,True,
12158053,VILLAGE,442.0,True,
12158052,BURIED TREASURE,1367.0,False,641.453
12158051,VILLAGE,1061.5,True,
12158050,RUINED PORTAL,1461.0,True,
12158049,DESERT TEMPLE,1362.5,False,815.5
12158045,VILLAGE,1182.5,True,
12158044,VILLAGE,939.0,True,
12158043,DESERT TEMPLE,1450.5,True,
12158037,DESERT TEMPLE,1085.5,False,855.853
12158036,RUINED PORTAL,1035.5,False,944.681
12158034,VILLAGE,1226.5,True,
12158031,RUINED PORTAL,1555.5,False,801.62
12158024,SHIPWRECK,1377.0,False,777.729
12158023,SHIPWRECK,1458.5,True,
12158020,SHIPWRECK,903.5,True,
12158019,SHIPWRECK,921.0,True,
12158017,DESERT TEMPLE,1070.5,True,
12158014,VILLAGE,708.0,False,1141.876
12158011,DESERT TEMPLE,1200.5,False,930.109
12158010,VILLAGE,604.0,False,2605.171
12158009,DESERT TEMPLE,710.5,True,
12158008,RUINED PORTAL,632.5,False,1549.165
12158005,DESERT TEMPLE,826.0,False,839.88
12158000,RUINED PORTAL,945.5,False,939.14
12157999,SHIPWRECK,1028.0,True,
12157995,BURIED TREASURE,1342.5,True,
12157993,SHIPWRECK,830.5,True,
12157991,SHIPWRECK,785.0,False,1749.212
12157990,VILLAGE,836.0,True,
12157989,RUINED PORTAL,1152.0,False,842.323
12157985,DESERT TEMPLE,1364.0,False,1130.962
12157984,BURIED TREASURE,1665.0,False,549.141
12157980,DESERT TEMPLE,1142.0,True,
12157979,VILLAGE,1068.5,False,1017.243
12157978,SHIPWRECK,643.0,True,
12157976,DESERT TEMPLE,623.0,False,1390.722
12157975,SHIPWRECK,731.0,False,1368.688
12157972,VILLAGE,417.5,True,
12157970,VILLAGE,449.5,False,1186.53
12157968,VILLAGE,1391.5,True,
12157967,BURIED TREASURE,1983.0,False,499.06
12157966,RUINED PORTAL,1472.5,False,638.874
12157964,SHIPWRECK,727.5,True,
12157961,RUINED PORTAL,2067.0,False,553.254
12157959,VILLAGE,609.0,True,
12157958,VILLAGE,,True,
12157956,SHIPWRECK,2209.5,False,698.44
12157955,DESERT TEMPLE,1299.0,False,729.329
12157954,VILLAGE,858.5,False,1105.015
12157953,VILLAGE,1281.5,False,942.674
12157952,SHIPWRECK,1408.0,True,
12157945,VILLAGE,428.5,True,
12157944,DESERT TEMPLE,724.5,True,
12157943,DESERT TEMPLE,1058.5,True,
12157940,VILLAGE,614.5,True,
12157938,VILLAGE,1181.0,True,
12157936,DESERT TEMPLE,823.5,False,1194.194
12157931,SHIPWRECK,1379.0,False,781.61
12157929,VILLAGE,1369.0,True,
12157928,DESERT TEMPLE,724.5,True,
12157927,VILLAGE,454.5,True,
12157926,DESERT TEMPLE,715.5,True,
12157923,DESERT TEMPLE,963.0,False,1121.748
12157922,VILLAGE,1244.5,True,
12157921,VILLAGE,630.0,True,
12157918,DESERT TEMPLE,1291.0,True,
12157917,RUINED PORTAL,1397.5,False,907.164
12157913,VILLAGE,1736.0,False,628.619
12157911,SHIPWRECK,821.5,True,
12157909,RUINED PORTAL,759.5,True,
12157908,VILLAGE,654.0,True,
12157905,DESERT TEMPLE,1595.5,False,622.735
12157903,VILLAGE,546.0,True,
12157902,VILLAGE,1001.0,False,1105.389
12157901,VILLAGE,702.0,False,1218.242
12157899,VILLAGE,1057.0,True,
12157895,VILLAGE,1342.5,False,915.025
12157894,VILLAGE,501.0,False,2113.299
12157893,VILLAGE,556.0,False,1639.061
12157888,RUINED PORTAL,1545.0,False,639.199
12157887,SHIPWRECK,845.5,False,1188.67
12157886,BURIED TREASURE,1479.5,False,957.577
12157884,DESERT TEMPLE,1533.5,True,
12157882,BURIED TREASURE,2122.5,True,
12157877,VILLAGE,2109.0,False,594.405
12157876,RUINED PORTAL,1125.0,True,
12157875,VILLAGE,1877.5,False,729.468
12157871,SHIPWRECK,1022.5,False,1238.17
12157870,VILLAGE,644.0,True,
12157869,SHIPWRECK,1222.5,True,
12157867,SHIPWRECK,1171.0,True,
12157866,DESERT TEMPLE,952.5,False,949.109
12157865,VILLAGE,,True,
12157864,VILLAGE,1055.0,True,
12157861,SHIPWRECK,1416.5,True,
12157859,DESERT TEMPLE,554.0,True,
12157853,SHIPWRECK,1030.5,False,1080.828
12157851,VILLAGE,1098.0,False,799.389
12157850,RUINED PORTAL,1560.5,False,729.941
12157849,VILLAGE,778.5,False,1013.865
12157848,VILLAGE,738.0,True,
12157841,RUINED PORTAL,1406.0,True,
12157840,BURIED TREASURE,1257.5,True,
12157837,DESERT TEMPLE,457.0,True,
12157836,VILLAGE,655.0,False,1043.09
12157835,VILLAGE,553.0,True,
12157832,SHIPWRECK,883.0,True,
12157831,DESERT TEMPLE,1424.5,False,692.633
12157829,DESERT TEMPLE,1127.0,True,
12157828,DESERT TEMPLE,1327.5,False,691.983
12157827,SHIPWRECK,901.0,True,
12157826,VILLAGE,1109.5,False,941.621
12157824,VILLAGE,706.0,False,1513.142
12157823,RUINED PORTAL,1028.5,False,1105.853
12157819,SHIPWRECK,1352.5,True,
12157817,DESERT TEMPLE,1395.5,False,892.863
12157813,RUINED PORTAL,1672.5,False,819.568
12157811,VILLAGE,613.5,True,
12157808,DESERT TEMPLE,1419.5,True,
12157802,SHIPWRECK,950.0,False,987.39
12157801,RUINED PORTAL,801.5,True,
12157800,VILLAGE,854.0,False,1308.176
12157798,RUINED PORTAL,1135.5,True,
12157796,VILLAGE,1207.0,True,
12157795,SHIPWRECK,1095.5,True,
12157793,VILLAGE,569.5,True,
12157792,RUINED PORTAL,974.0,True,
12157791,SHIPWRECK,932.0,False,1555.31
12157788,BURIED TREASURE,1486.0,True,
12157782,RUINED PORTAL,721.0,False,3249.133
12157780,VILLAGE,1160.5,False,863.037
12157776,VILLAGE,1109.0,False,1230.536
12157773,VILLAGE,1274.5,True,
12157770,RUINED PORTAL,676.5,True,
12157769,DESERT TEMPLE,600.0,True,
12157768,RUINED PORTAL,886.0,True,
12157766,VILLAGE,908.0,False,1069.604
12157765,VILLAGE,696.5,False,1660.388
12157763,VILLAGE,494.5,True,
12157762,VILLAGE,1157.5,True,
12157761,VILLAGE,217.0,True,
12157760,RUINED PORTAL,2396.5,False,437.862
12157754,SHIPWRECK,1602.0,False,606.612
12157753,DESERT TEMPLE,1552.0,False,769.439
12157752,BURIED TREASURE,1273.5,True,
12157749,VILLAGE,406.5,True,
12157748,VILLAGE,676.0,True,
12157747,DESERT TEMPLE,1590.5,True,
12157745,DESERT TEMPLE,658.5,True,
12157741,RUINED PORTAL,2079.0,False,509.645
12157738,VILLAGE,1106.5,False,1099.197
12157737,SHIPWRECK,629.5,True,
12157736,VILLAGE,884.5,True,
12157735,DESERT TEMPLE,1576.0,False,525.699
12157734,DESERT TEMPLE,,False,1113.931
12157733,SHIPWRECK,1168.5,False,1086.068
12157732,RUINED PORTAL,1037.0,True,
12157731,VILLAGE,613.0,False,1627.98
12157726,RUINED PORTAL,1135.5,True,
12157723,BURIED TREASURE,1220.5,True,
12157717,DESERT TEMPLE,1387.0,False,709.618
12157716,BURIED TREASURE,1440.0,False,664.731
12157715,VILLAGE,517.0,True,
12157712,SHIPWRECK,,True,
12157711,DESERT TEMPLE,996.0,False,1037.221
12157710,VILLAGE,692.0,True,
12157709,DESERT TEMPLE,798.5,False,1088.246
12157708,DESERT TEMPLE,905.5,False,1060.303
12157705,VILLAGE,445.0,True,
12157701,RUINED PORTAL,1139.5,False,1026.256
12157694,DESERT TEMPLE,1695.0,True,
12157692,VILLAGE,1367.5,True,
12157691,VILLAGE,990.0,False,1174.552
12157688,DESERT TEMPLE,2183.5,False,562.085
12157687,SHIPWRECK,1303.5,False,1206.598
12157686,VILLAGE,664.0,True,
12157685,RUINED PORTAL,912.0,False,899.344
12157683,DESERT TEMPLE,537.5,True,
12157680,BURIED TREASURE,1370.5,True,
12157678,DESERT TEMPLE,1113.0,False,1213.008
12157676,BURIED TREASURE,1803.5,False,646.859
12157672,DESERT TEMPLE,1045.5,False,1117.727
12157671,SHIPWRECK,1314.5,True,
12157667,VILLAGE,705.5,True,
12157666,VILLAGE,884.5,True,
12157663,VILLAGE,1020.0,True,
12157662,DESERT TEMPLE,622.0,False,1920.989
12157659,SHIPWRECK,1621.0,False,689.049
12157658,VILLAGE,528.0,True,
12157657,SHIPWRECK,519.0,False,1286.498
12157653,VILLAGE,1567.0,False,644.533
12157652,DESERT TEMPLE,904.0,False,694.956
12157648,BURIED TREASURE,1546.0,False,642.308
12157647,VILLAGE,475.0,False,1952.762
12157644,VILLAGE,1269.5,False,1056.046
12157642,SHIPWRECK,1117.0,True,
12157641,SHIPWRECK,963.0,False,1160.673
12157640,RUINED PORTAL,834.0,True,
12157638,DESERT TEMPLE,1267.0,True,
12157637,VILLAGE,776.0,False,923.047
12157634,RUINED PORTAL,760.0,False,1292.321
12157632,BURIED TREASURE,1233.5,False,1002.354
12157631,VILLAGE,1109.0,False,1236.128
12157629,BURIED TREASURE,1204.5,True,
12157628,SHIPWRECK,1382.5,False,849.163
12157625,RUINED PORTAL,1075.0,False,1162.884
12157624,VILLAGE,1196.5,True,
12157623,DESERT TEMPLE,1521.0,False,568.71
12157620,BURIED TREASURE,1266.0,False,667.933
12157619,SHIPWRECK,857.0,False,1161.185
12157618,VILLAGE,875.0,True,
12157617,RUINED PORTAL,1093.0,True,
12157616,DESERT TEMPLE,692.0,True,
12157615,SHIPWRECK,774.5,True,
12157614,SHIPWRECK,949.0,False,1351.661
12157611,DESERT TEMPLE,630.5,True,
12157610,BURIED TREASURE,1406.5,True,
12157609,DESERT TEMPLE,725.0,True,
12157606,RUINED PORTAL,1407.5,True,
12157604,DESERT TEMPLE,912.0,False,981.704
12157603,SHIPWRECK,1216.5,False,841.153
12157602,VILLAGE,588.0,True,
12157601,VILLAGE,1066.0,True,
12157599,SHIPWRECK,913.5,True,
12157598,SHIPWRECK,1198.5,False,974.755
12157597,VILLAGE,1822.0,False,720.111
12157593,RUINED PORTAL,1076.0,False,1021.278
12157592,VILLAGE,1747.0,True,
12157590,SHIPWRECK,1804.0,True,
12157588,VILLAGE,2192.0,False,610.164
12157584,SHIPWRECK,1097.5,False,1762.754
12157581,DESERT TEMPLE,1089.0,True,
12157580,VILLAGE,1530.0,True,
12157578,SHIPWRECK,1380.5,True,
12157576,VILLAGE,1348.0,True,
12157575,VILLAGE,469.0,True,
12157574,VILLAGE,1137.5,True,
12157573,BURIED TREASURE,1443.0,True,
12157570,BURIED TREASURE,1456.0,False,796.1
12157568,DESERT TEMPLE,1095.5,False,769.187
12157565,VILLAGE,518.5,True,
12157564,DESERT TEMPLE,1579.5,False,833.78
12157563,BURIED TREASURE,1406.0,False,754.34
12157562,VILLAGE,570.0,True,
12157560,SHIPWRECK,1197.5,True,
12157559,SHIPWRECK,1365.5,False,617.298
12157558,SHIPWRECK,759.0,False,1080.236
12157557,DESERT TEMPLE,437.5,True,
12157556,DESERT TEMPLE,602.5,True,
12157553,SHIPWRECK,844.0,False,1064.396
12157547,SHIPWRECK,859.0,False,1026.031
12157545,SHIPWRECK,1065.5,False,950.981
12157542,SHIPWRECK,986.0,True,
12157541,SHIPWRECK,1061.5,True,
12157540,DESERT TEMPLE,1148.5,True,
12157537,VILLAGE,308.5,True,
12157534,SHIPWRECK,1187.5,True,
12157533,BURIED TREASURE,1643.0,False,682.726
12157532,VILLAGE,593.0,True,
12157529,DESERT TEMPLE,922.5,False,946.701
12157528,SHIPWRECK,1186.5,True,
12157526,BURIED TREASURE,1583.0,True,
12157525,DESERT TEMPLE,1481.5,False,711.774
12157524,BURIED TREASURE,1242.0,True,
12157523,DESERT TEMPLE,1165.0,False,886.27
12157521,DESERT TEMPLE,629.5,True,
12157518,RUINED PORTAL,,True,
12157516,SHIPWRECK,769.0,True,
12157515,BURIED TREASURE,1703.0,False,552.934
12157514,SHIPWRECK,1219.0,False,725.591
12157513,DESERT TEMPLE,1422.0,False,1136.16
12157511,VILLAGE,671.0,True,
12157507,SHIPWRECK,770.5,True,
12157505,SHIPWRECK,1405.5,False,760.966
12157504,RUINED PORTAL,1303.5,False,851.526
12157503,SHIPWRECK,993.0,True,
12157502,VILLAGE,405.0,True,
12157501,SHIPWRECK,1447.5,False,905.061
12157496,SHIPWRECK,665.5,False,1633.915
12157493,DESERT TEMPLE,2097.5,False,626.098
12157491,DESERT TEMPLE,601.0,True,
12157489,DESERT TEMPLE,361.0,True,
12157483,VILLAGE,560.0,True,
12157482,RUINED PORTAL,692.5,True,
12157481,DESERT TEMPLE,818.0,True,
12157479,VILLAGE,827.5,False,1752.925
12157478,DESERT TEMPLE,413.5,True,
12157476,SHIPWRECK,1038.5,False,801.226
12157473,VILLAGE,573.5,True,
12157470,VILLAGE,618.0,True,
12157468,RUINED PORTAL,935.0,False,1185.72
12157466,SHIPWRECK,684.0,False,1239.51
12157464,SHIPWRECK,1111.5,True,
12157463,VILLAGE,1473.0,True,
12157461,SHIPWRECK,874.0,False,909.216
12157460,RUINED PORTAL,1034.5,True,
12157459,VILLAGE,661.0,True,
12157455,DESERT TEMPLE,827.5,True,
12157453,DESERT TEMPLE,1044.5,True,
12157452,DESERT TEMPLE,1217.5,True,
12157451,DESERT TEMPLE,1735.5,False,740.11
12157450,DESERT TEMPLE,536.5,False,2292.35
12157449,SHIPWRECK,1021.0,True,
12157448,SHIPWRECK,661.0,True,
12157446,DESERT TEMPLE,2447.0,False,484.018
12157444,SHIPWRECK,1144.0,True,
12157443,DESERT TEMPLE,1404.5,True,
12157442,BURIED TREASURE,1550.5,False,749.982
12157441,VILLAGE,591.0,True,
12157439,SHIPWRECK,1035.0,True,
12157438,RUINED PORTAL,609.0,True,
12157437,RUINED PORTAL,1537.5,False,851.245
12157436,SHIPWRECK,567.0,True,
12157435,RUINED PORTAL,684.0,True,
12157434,VILLAGE,1145.5,False,867.562
12157430,SHIPWRECK,797.0,False,1703.009
12157426,SHIPWRECK,718.5,True,
12157424,DESERT TEMPLE,1545.0,True,
12157423,DESERT TEMPLE,813.5,False,1231.315
12157418,DESERT TEMPLE,562.0,True,
12157417,SHIPWRECK,892.0,False,1037.248
12157416,VILLAGE,649.5,True,
12157414,DESERT TEMPLE,1977.5,False,508.237
12157413,DESERT TEMPLE,1021.0,True,
12157412,DESERT TEMPLE,1022.0,True,
12157409,RUINED PORTAL,1051.5,False,759.229
12157408,SHIPWRECK,1402.0,True,
12157406,DESERT TEMPLE,1355.5,True,
12157403,DESERT TEMPLE,1195.5,True,
12157396,RUINED PORTAL,1596.5,True,
12157395,DESERT TEMPLE,754.0,True,
12157392,VILLAGE,757.5,True,
12157389,RUINED PORTAL,2190.5,False,521.178
12157388,VILLAGE,874.0,True,
12157386,SHIPWRECK,1562.5,False,634.323
12157380,DESERT TEMPLE,566.5,True,
12157379,VILLAGE,1258.0,False,1072.234
12157377,SHIPWRECK,1162.5,True,
12157373,RUINED PORTAL,1805.0,False,675.699
12157370,DESERT TEMPLE,1003.0,False,1319.994
12157366,DESERT TEMPLE,1079.0,False,1102.213
12157365,VILLAGE,1120.0,True,
12157363,DESERT TEMPLE,1764.0,False,658.72
12157361,DESERT TEMPLE,517.0,True,
12157360,RUINED PORTAL,1131.0,True,
12157358,SHIPWRECK,1382.0,False,723.631
12157357,SHIPWRECK,1134.5,False,1239.935
12157356,VILLAGE,792.5,False,1497.081
12157355,VILLAGE,923.5,True,
12157353,VILLAGE,514.0,True,
12157352,VILLAGE,1328.0,False,630.054
12157351,RUINED PORTAL,1097.0,False,854.212
12157348,DESERT TEMPLE,430.0,True,
12157347,DESERT TEMPLE,1362.5,True,
12157345,VILLAGE,512.0,True,
12157344,VILLAGE,625.0,True,
12157343,VILLAGE,542.0,True,
12157337,BURIED TREASURE,1204.0,False,754.728
12157336,VILLAGE,916.5,False,1288.079
12157328,BURIED TREASURE,1495.5,False,961.14
12157327,RUINED PORTAL,686.0,False,1533.203
12157326,SHIPWRECK,806.5,False,1390.208
12157325,BURIED TREASURE,1281.0,False,680.947
12157324,VILLAGE,500.0,True,
12157323,VILLAGE,1473.0,False,631.214
12157322,VILLAGE,586.0,True,
12157321,RUINED PORTAL,633.0,True,
12157320,VILLAGE,1091.0,True,
12157317,VILLAGE,1007.0,True,
12157316,DESERT TEMPLE,1058.0,True,
12157315,VILLAGE,1250.0,True,
12157314,VILLAGE,588.0,True,
12157313,DESERT TEMPLE,371.5,False,1998.782
12157311,SHIPWRECK,1183.0,True,
12157310,VILLAGE,416.0,True,
12157309,DESERT TEMPLE,1601.5,False,715.679
12157308,VILLAGE,1414.5,True,
12157307,VILLAGE,749.5,True,
12157305,BURIED TREASURE,1423.0,False,757.918
12157304,DESERT TEMPLE,622.5,False,2437.929
12157302,VILLAGE,667.5,False,1721.885
12157297,BURIED TREASURE,1485.5,False,832.704
12157295,BURIED TREASURE,1425.0,True,
12157292,VILLAGE,1156.5,True,
12157290,RUINED PORTAL,1025.5,True,
12157289,DESERT TEMPLE,953.0,False,1310.748
12157286,VILLAGE,523.5,True,
12157285,VILLAGE,1227.0,False,757.251
12157284,DESERT TEMPLE,628.0,True,
12157283,SHIPWRECK,1366.5,False,838.027
12157276,DESERT TEMPLE,1023.0,True,
12157274,VILLAGE,526.0,True,
12157273,DESERT TEMPLE,854.0,False,1101.714
12157270,DESERT TEMPLE,908.5,True,
12157267,DESERT TEMPLE,586.5,True,
12157266,DESERT TEMPLE,448.5,True,
12157265,DESERT TEMPLE,1330.5,False,921.592
12157262,DESERT TEMPLE,1342.0,True,
12157261,DESERT TEMPLE,1400.0,False,919.683
12157259,SHIPWRECK,725.5,True,
12157258,VILLAGE,2405.5,False,570.204
12157257,VILLAGE,692.0,False,1481.355
12157256,DESERT TEMPLE,1218.0,True,
12157253,RUINED PORTAL,885.0,True,
12157252,DESERT TEMPLE,1090.0,False,867.486
12157251,VILLAGE,1223.0,True,
12157248,DESERT TEMPLE,514.5,True,
12157246,RUINED PORTAL,1130.5,False,874.181
12157245,VILLAGE,1135.0,True,
12157244,RUINED PORTAL,717.5,True,
12157243,RUINED PORTAL,1110.0,False,757.088
12157242,VILLAGE,2194.5,False,714.228
12157238,BURIED TREASURE,1566.0,False,698.986
12157236,SHIPWRECK,1361.0,False,834.194
12157235,DESERT TEMPLE,588.5,True,
12157234,RUINED PORTAL,1184.5,False,999.899
12157232,DESERT TEMPLE,607.5,True,
12157229,DESERT TEMPLE,1041.0,False,959.563
12157227,VILLAGE,1915.0,False,698.058
12157225,RUINED PORTAL,647.5,True,
12157224,SHIPWRECK,1311.0,True,
12157222,SHIPWRECK,886.0,False,1052.469
12157220,DESERT TEMPLE,915.0,True,
12157218,RUINED PORTAL,845.0,False,1669.896
12157215,VILLAGE,,True,
12157214,VILLAGE,790.0,False,1003.317
12157213,SHIPWRECK,678.0,True,
12157212,RUINED PORTAL,1004.0,True,
12157211,RUINED PORTAL,753.0,True,
12157209,VILLAGE,1024.5,False,945.538
12157206,SHIPWRECK,2095.0,False,640.537
12157205,SHIPWRECK,1413.0,False,688.029
12157204,BURIED TREASURE,1739.5,True,
12157202,BURIED TREASURE,1298.0,True,
12157200,DESERT TEMPLE,1585.5,False,784.306
12157199,VILLAGE,532.5,True,
12157197,DESERT TEMPLE,427.0,True,
12157195,VILLAGE,1416.0,False,739.726
12157193,DESERT TEMPLE,1204.5,False,982.421
12157192,DESERT TEMPLE,999.0,False,1189.818
12157189,RUINED PORTAL,720.5,False,1267.419
12157187,VILLAGE,360.0,True,
12157185,SHIPWRECK,982.0,True,
12157183,RUINED PORTAL,1541.0,True,
12157177,VILLAGE,1159.0,False,617.95
12157176,SHIPWRECK,598.5,True,
12157175,RUINED PORTAL,1387.0,False,590.569
12157174,VILLAGE,1193.0,False,1065.062
12157172,RUINED PORTAL,926.5,False,611.618
12157171,VILLAGE,560.0,False,2453.12
12157169,SHIPWRECK,816.0,True,
12157168,DESERT TEMPLE,934.5,True,
12157164,RUINED PORTAL,1668.5,False,727.869
12157163,DESERT TEMPLE,1283.5,True,
12157162,SHIPWRECK,1162.0,False,1238.704
12157161,VILLAGE,783.0,True,
12157160,RUINED PORTAL,1246.0,False,702.543
12157157,RUINED PORTAL,1551.0,False,630.208
12157154,VILLAGE,743.0,False,1772.706
12157153,SHIPWRECK,1103.5,False,940.575
12157152,SHIPWRECK,1033.0,False,917.672
12157150,SHIPWRECK,1198.0,True,
12157149,BURIED TREASURE,1241.5,True,
12157142,DESERT TEMPLE,993.0,True,
12157141,RUINED PORTAL,1314.0,False,760.79
12157140,SHIPWRECK,784.5,True,
12157139,RUINED PORTAL,1063.5,True,
12157137,DESERT TEMPLE,1005.5,True,
12157136,SHIPWRECK,1554.0,True,
12157132,BURIED TREASURE,1335.5,True,
12157131,RUINED PORTAL,779.5,False,1360.559
12157127,BURIED TREASURE,1762.5,False,695.093
12157126,DESERT TEMPLE,889.0,True,
12157125,DESERT TEMPLE,487.0,True,
12157124,DESERT TEMPLE,699.5,True,
12157123,VILLAGE,841.5,False,1047.859
12157119,DESERT TEMPLE,407.0,True,
12157116,VILLAGE,1157.0,False,818.396
12157115,VILLAGE,1166.0,True,
12157112,VILLAGE,586.5,True,
12157108,RUINED PORTAL,1011.0,False,766.314
12157107,BURIED TREASURE,1307.0,True,
12157106,VILLAGE,416.0,True,
12157105,BURIED TREASURE,1326.5,False,1014.882
12157104,RUINED PORTAL,687.0,True,
12157103,DESERT TEMPLE,1523.0,False,788.704
12157101,SHIPWRECK,853.0,True,
12157099,RUINED PORTAL,1399.0,True,
12157098,DESERT TEMPLE,1442.5,True,
12157096,SHIPWRECK,929.0,False,1288.225
12157094,SHIPWRECK,1208.0,False,926.228
12157091,VILLAGE,904.0,True,
12157090,VILLAGE,436.5,True,
12157083,DESERT TEMPLE,700.5,False,1829.716
12157082,SHIPWRECK,668.5,True,
12157080,VILLAGE,591.0,True,
12157078,SHIPWRECK,1165.0,False,777.795
12157077,VILLAGE,1181.0,True,
12157073,VILLAGE,636.0,True,
12157071,VILLAGE,534.0,True,
12157069,DESERT TEMPLE,1386.5,True,
12157068,DESERT TEMPLE,855.0,False,911.365
12157065,DESERT TEMPLE,410.0,True,
12157064,DESERT TEMPLE,907.0,True,
12157063,VILLAGE,402.0,True,
12157059,DESERT TEMPLE,1041.5,True,
12157058,DESERT TEMPLE,1059.5,True,
12157056,VILLAGE,,True,
12157055,DESERT TEMPLE,736.0,True,
12157054,DESERT TEMPLE,1806.5,True,
12157048,VILLAGE,693.5,True,
12157047,VILLAGE,1256.0,False,881.389
12157042,RUINED PORTAL,1346.5,True,
12157040,SHIPWRECK,1078.0,True,
12157035,DESERT TEMPLE,546.0,True,
12157034,VILLAGE,,True,
12157033,DESERT TEMPLE,2453.5,False,542.117
12157032,BURIED TREASURE,1425.5,False,739.388
12157031,SHIPWRECK,592.0,True,
12157028,RUINED PORTAL,1250.5,True,
12157021,DESERT TEMPLE,378.0,True,
12157020,DESERT TEMPLE,893.5,True,
12157018,RUINED PORTAL,1184.0,True,
12157017,RUINED PORTAL,1532.0,False,539.133
12157014,RUINED PORTAL,928.0,True,
12157012,DESERT TEMPLE,1467.5,False,649.039
12157011,SHIPWRECK,1289.0,False,672.152
12157006,VILLAGE,618.0,True,
12157001,VILLAGE,387.5,True,
12157000,BURIED TREASURE,1337.5,False,1071.751
12156998,BURIED TREASURE,1480.5,False,704.434
12156992,BURIED TREASURE,1611.0,False,551.618
12156990,VILLAGE,887.5,True,
12156987,SHIPWRECK,1402.0,True,
12156986,BURIED TREASURE,1309.0,False,833.797
12156985,SHIPWRECK,623.5,False,1234.514
12156983,VILLAGE,1123.0,False,1301.196
12156982,DESERT TEMPLE,768.5,False,1421.265
12156981,VILLAGE,2142.5,False,617.911
12156980,SHIPWRECK,1067.0,True,
12156978,VILLAGE,1817.0,False,776.336
12156977,SHIPWRECK,1559.5,False,865.389
12156976,RUINED PORTAL,616.5,False,1610.742
12156971,BURIED TREASURE,1653.5,True,
12156969,BURIED TREASURE,1837.5,False,548.086
12156968,VILLAGE,1053.5,False,1295.899
12156966,SHIPWRECK,1123.5,False,833.093
12156962,BURIED TREASURE,1368.5,False,762.852
12156960,VILLAGE,2202.5,False,553.035
12156956,RUINED PORTAL,1329.0,False,555.895
12156955,DESERT TEMPLE,1129.5,False,881.424
12156954,VILLAGE,654.0,False,1246.194
12156952,RUINED PORTAL,633.0,True,
12156949,SHIPWRECK,696.5,True,
12156946,RUINED PORTAL,1125.0,True,
12156945,RUINED PORTAL,1587.0,False,538.534
12156943,VILLAGE,1379.0,False,1226.294
12156933,BURIED TREASURE,1240.0,False,1052.187
12156930,VILLAGE,1087.5,True,
12156929,SHIPWRECK,992.0,True,
12156928,DESERT TEMPLE,666.0,True,
12156926,BURIED TREASURE,1433.0,True,
12156925,VILLAGE,1144.5,True,
12156922,SHIPWRECK,1357.5,True,
12156921,SHIPWRECK,905.0,False,1263.263
12156920,DESERT TEMPLE,1603.0,False,725.668
12156918,VILLAGE,1539.0,False,524.652
12156913,VILLAGE,487.5,False,2542.16
12156912,SHIPWRECK,1395.5,False,916.632
12156911,VILLAGE,1468.5,False,943.277
12156909,RUINED PORTAL,978.0,True,
12156906,VILLAGE,1596.5,False,755.724
12156905,DESERT TEMPLE,1081.5,False,988.724
12156903,SHIPWRECK,909.0,False,990.766
12156902,DESERT TEMPLE,827.0,False,2544.927
12156900,VILLAGE,1274.5,False,580.64
12156899,SHIPWRECK,733.0,True,
12156898,DESERT TEMPLE,444.0,False,997.726
12156897,DESERT TEMPLE,1477.0,False,1267.459
12156895,SHIPWRECK,812.5,True,
12156894,SHIPWRECK,1090.5,False,721.706
12156891,SHIPWRECK,1016.0,True,
12156889,DESERT TEMPLE,1011.5,True,
12156888,SHIPWRECK,879.0,False,1080.356
12156887,VILLAGE,1706.5,True,
12156885,RUINED PORTAL,1785.5,False,635.789
12156884,SHIPWRECK,1047.0,True,
12156883,VILLAGE,598.5,False,1700.758
12156882,SHIPWRECK,464.0,True,
12156881,BURIED TREASURE,1223.5,False,774.119
12156880,SHIPWRECK,622.5,True,
12156876,VILLAGE,1828.5,False,712.726
12156874,DESERT TEMPLE,968.0,False,886.736
12156872,SHIPWRECK,1293.5,True,
12156871,DESERT TEMPLE,1484.5,False,724.504
12156869,DESERT TEMPLE,402.0,False,1677.171
12156864,VILLAGE,769.5,True,
12156860,VILLAGE,524.5,True,
12156859,VILLAGE,1011.5,False,800.258
12156858,RUINED PORTAL,1168.0,True,
12156856,VILLAGE,544.0,True,
12156855,BURIED TREASURE,1254.0,True,
12156853,VILLAGE,813.0,True,
12156851,SHIPWRECK,1217.5,False,762.573
12156848,DESERT TEMPLE,564.5,True,
12156845,VILLAGE,543.0,True,
12156844,DESERT TEMPLE,789.0,True,
12156842,DESERT TEMPLE,1068.0,True,
12156840,BURIED TREASURE,1701.0,False,629.838
12156838,SHIPWRECK,806.5,True,
12156837,VILLAGE,581.0,True,
12156836,DESERT TEMPLE,954.5,False,903.524
12156835,VILLAGE,540.5,False,1293.68
12156832,SHIPWRECK,1285.0,True,
12156831,RUINED PORTAL,1024.0,False,852.595
12156830,RUINED PORTAL,1508.5,True,
12156828,SHIPWRECK,678.5,False,829.48
12156826,RUINED PORTAL,1232.0,True,
12156824,SHIPWRECK,886.0,True,
12156822,DESERT TEMPLE,252.0,False,1448.513
12156821,VILLAGE,1279.5,True,
12156820,VILLAGE,525.0,True,
12156819,SHIPWRECK,926.5,False,1654.655
12156818,VILLAGE,847.5,False,1521.176
12156817,BURIED TREASURE,1530.0,False,741.622
12156816,DESERT TEMPLE,1115.0,True,
12156815,DESERT TEMPLE,783.0,True,
12156814,RUINED PORTAL,987.0,True,
12156813,SHIPWRECK,1049.0,True,
12156810,RUINED PORTAL,903.0,True,
12156808,RUINED PORTAL,1123.0,False,926.182
12156807,RUINED PORTAL,1359.0,False,658.371
12156806,DESERT TEMPLE,844.5,False,1361.023
12156805,DESERT TEMPLE,457.0,True,
12156803,VILLAGE,634.5,True,
12156802,DESERT TEMPLE,809.0,True,
12156801,VILLAGE,700.0,False,1600.635
12156800,VILLAGE,670.0,False,1102.779
12156799,VILLAGE,1162.0,False,750.649
12156798,VILLAGE,1356.5,False,905.427
12156795,DESERT TEMPLE,543.0,True,
12156788,DESERT TEMPLE,691.0,True,
12156786,VILLAGE,353.5,False,2330.642
12156785,SHIPWRECK,2185.5,False,689.36
12156784,DESERT TEMPLE,728.5,True,
12156783,VILLAGE,1165.0,True,
12156781,VILLAGE,781.0,True,
12156779,DESERT TEMPLE,1024.0,False,1080.393
12156778,RUINED PORTAL,1117.0,False,858.068
12156777,SHIPWRECK,1438.0,False,803.675
12156776,SHIPWRECK,1685.5,False,642.061
12156775,DESERT TEMPLE,1310.0,False,871.007
12156772,VILLAGE,684.0,False,1898.914
12156770,DESERT TEMPLE,671.5,True,
12156769,RUINED PORTAL,865.5,True,
12156767,VILLAGE,401.0,True,
12156765,DESERT TEMPLE,1370.0,True,
12156764,BURIED TREASURE,1318.5,False,545.739
12156763,VILLAGE,665.5,True,
12156758,VILLAGE,488.5,True,
12156757,DESERT TEMPLE,443.5,True,
12156755,RUINED PORTAL,1529.5,False,736.16
12156754,VILLAGE,2012.5,False,524.902
12156753,RUINED PORTAL,1154.0,True,
12156750,DESERT TEMPLE,1476.0,False,831.233
12156749,DESERT TEMPLE,1734.0,True,
12156747,SHIPWRECK,880.0,True,
12156745,RUINED PORTAL,1323.0,True,
12156744,DESERT TEMPLE,1141.0,True,
12156742,RUINED PORTAL,873.5,False,1395.36
12156741,RUINED PORTAL,1522.5,True,
12156740,DESERT TEMPLE,962.5,True,
12156739,VILLAGE,545.0,True,
12156738,SHIPWRECK,418.0,True,
12156737,DESERT TEMPLE,792.0,True,
12156736,DESERT TEMPLE,984.5,False,1247.241
12156735,DESERT TEMPLE,1145.0,False,1105.964
12156733,VILLAGE,789.0,True,
12156727,DESERT TEMPLE,628.0,True,
12156726,VILLAGE,1381.0,False,892.848
12156725,RUINED PORTAL,800.5,True,
12156724,VILLAGE,1078.5,False,798.884
12156723,RUINED PORTAL,802.5,True,
12156719,VILLAGE,1135.0,False,994.927
12156715,DESERT TEMPLE,1114.0,False,1246.801
12156714,SHIPWRECK,737.5,True,
12156712,VILLAGE,530.0,True,
12156709,RUINED PORTAL,1203.0,False,857.509
12156708,RUINED PORTAL,952.5,False,1440.305
12156707,DESERT TEMPLE,859.5,False,934.047
12156706,RUINED PORTAL,957.5,False,842.232
12156704,DESERT TEMPLE,1144.0,True,
12156701,VILLAGE,762.0,False,1596.942
12156700,SHIPWRECK,1062.0,False,849.977
12156699,VILLAGE,633.0,True,
12156698,RUINED PORTAL,1222.0,False,953.542
12156692,DESERT TEMPLE,507.0,True,
12156689,SHIPWRECK,1395.0,False,743.155
12156688,SHIPWRECK,1242.0,True,
12156687,VILLAGE,1336.5,False,893.086
12156686,SHIPWRECK,1184.5,True,
12156682,VILLAGE,,True,
12156681,VILLAGE,595.5,True,
12156678,VILLAGE,926.5,False,1096.312
12156676,SHIPWRECK,355.0,True,
12156674,SHIPWRECK,776.5,True,
12156673,DESERT TEMPLE,1533.5,False,646.183
12156670,SHIPWRECK,733.5,True,
12156667,SHIPWRECK,726.0,True,
12156665,VILLAGE,803.0,True,
12156663,DESERT TEMPLE,1763.0,False,902.038
12156662,BURIED TREASURE,1445.5,True,
12156659,SHIPWRECK,848.0,True,
12156657,DESERT TEMPLE,1344.0,True,
12156656,RUINED PORTAL,1329.5,False,948.662
12156655,BURIED TREASURE,1859.5,False,556.055
12156654,VILLAGE,363.0,True,
12156652,VILLAGE,730.0,True,
12156648,VILLAGE,998.5,False,949.598
12156646,SHIPWRECK,935.0,True,
12156645,VILLAGE,1065.0,False,1406.007
12156644,DESERT TEMPLE,1577.5,False,989.311
12156642,SHIPWRECK,1097.5,False,1142.22
12156640,SHIPWRECK,782.0,True,
12156637,SHIPWRECK,1303.0,True,
12156636,RUINED PORTAL,888.5,False,938.005
12156634,VILLAGE,1248.0,False,710.113
12156630,DESERT TEMPLE,661.0,True,
12156629,RUINED PORTAL,1096.0,True,
12156628,VILLAGE,587.0,True,
12156627,RUINED PORTAL,1571.5,False,749.906
12156624,DESERT TEMPLE,568.0,True,
12156622,SHIPWRECK,693.0,True,
12156620,VILLAGE,1760.0,False,625.168
12156618,BURIED TREASURE,2279.0,False,489.76
12156617,RUINED PORTAL,655.5,False,1117.799
12156616,VILLAGE,1271.5,False,759.845
12156613,VILLAGE,1355.0,False,807.153
12156609,VILLAGE,593.5,True,
12156607,DESERT TEMPLE,610.5,True,
12156603,DESERT TEMPLE,1784.5,False,711.91
12156602,SHIPWRECK,1058.0,True,
12156598,VILLAGE,447.0,False,1026.219
12156596,DESERT TEMPLE,1187.0,True,
12156595,DESERT TEMPLE,1283.0,True,
12156594,VILLAGE,493.0,True,
12156593,DESERT TEMPLE,582.5,False,1410.639
12156592,VILLAGE,1262.0,True,
12156591,DESERT TEMPLE,584.0,True,
12156587,RUINED PORTAL,831.0,True,
12156585,RUINED PORTAL,1379.0,True,
12156583,SHIPWRECK,898.0,False,1001.243
12156582,BURIED TREASURE,1303.0,True,
12156580,SHIPWRECK,870.5,False,1331.128
12156579,VILLAGE,1027.5,False,1310.091
12156575,VILLAGE,393.5,True,
12156574,DESERT TEMPLE,1325.0,False,899.572
12156573,BURIED TREASURE,1683.0,False,785.836
12156572,SHIPWRECK,978.0,True,
12156570,VILLAGE,1261.5,False,822.997
12156568,RUINED PORTAL,1512.5,True,
12156567,DESERT TEMPLE,905.5,False,1126.05
12156563,SHIPWRECK,1053.5,True,
12156560,SHIPWRECK,733.0,True,
12156559,VILLAGE,1204.0,True,
12156558,SHIPWRECK,665.5,True,
12156557,RUINED PORTAL,2031.5,False,867.064
12156555,SHIPWRECK,647.5,False,1001.868
12156554,SHIPWRECK,1143.5,True,
12156548,DESERT TEMPLE,779.5,True,
12156546,DESERT TEMPLE,465.5,True,
12156543,VILLAGE,1188.0,True,
12156540,VILLAGE,951.0,False,947.208
12156539,SHIPWRECK,815.0,False,1546.29
12156537,SHIPWRECK,1390.0,True,
12156536,SHIPWRECK,1036.0,False,1606.573
12156535,SHIPWRECK,994.5,False,682.543
12156534,RUINED PORTAL,1493.5,False,546.912
12156533,VILLAGE,1141.5,False,984.75
12156532,RUINED PORTAL,693.0,False,1959.732
12156531,VILLAGE,1070.0,True,
12156530,SHIPWRECK,1284.0,False,841.133
12156529,RUINED PORTAL,616.0,True,
12156528,DESERT TEMPLE,631.5,True,
12156525,BURIED TREASURE,1493.0,True,
12156524,SHIPWRECK,582.0,False,2002.901
12156523,RUINED PORTAL,1657.5,True,
12156521,VILLAGE,382.5,True,
12156520,DESERT TEMPLE,1036.5,True,
12156519,RUINED PORTAL,1213.5,False,910.003
12156516,RUINED PORTAL,2109.5,False,402.41
12156515,DESERT TEMPLE,1057.5,False,888.98
12156512,VILLAGE,1120.0,False,807.054
12156511,DESERT TEMPLE,1056.0,True,
12156505,SHIPWRECK,437.5,True,
12156502,BURIED TREASURE,1421.0,False,717.003
12156500,VILLAGE,421.5,True,
12156499,RUINED PORTAL,726.0,True,
12156498,DESERT TEMPLE,836.0,True,
12156496,VILLAGE,441.0,True,
12156495,DESERT TEMPLE,723.0,True,
12156494,VILLAGE,629.5,True,
12156493,VILLAGE,1416.0,False,615.211
12156492,SHIPWRECK,874.0,False,1025.932
12156489,SHIPWRECK,1299.5,True,
12156486,SHIPWRECK,757.0,False,1691.808
12156481,VILLAGE,1189.0,False,982.084
12156480,DESERT TEMPLE,2196.5,False,548.068
12156478,RUINED PORTAL,1118.5,False,744.112
12156476,VILLAGE,653.0,True,
12156472,SHIPWRECK,1500.5,True,
12156468,VILLAGE,368.0,True,
12156467,DESERT TEMPLE,294.0,True,
12156465,VILLAGE,477.0,True,
12156464,VILLAGE,693.0,True,
12156461,BURIED TREASURE,1496.0,False,764.873
12156457,SHIPWRECK,594.5,True,
12156456,SHIPWRECK,1021.0,True,
12156455,SHIPWRECK,955.0,True,
12156452,DESERT TEMPLE,1172.5,True,
12156451,VILLAGE,1336.0,False,868.698
12156449,DESERT TEMPLE,1057.0,False,1062.233
12156444,DESERT TEMPLE,1514.5,False,687.575
12156443,VILLAGE,1161.0,False,850.445
12156440,DESERT TEMPLE,875.5,False,871.261
12156439,DESERT TEMPLE,780.5,True,
12156437,SHIPWRECK,1049.5,False,988.507
12156435,DESERT TEMPLE,916.0,True,
12156425,VILLAGE,608.0,True,
12156422,DESERT TEMPLE,1347.5,False,752.851
12156421,VILLAGE,569.0,True,
12156420,VILLAGE,2196.0,False,596.558
12156419,SHIPWRECK,1064.0,False,714.826
12156417,VILLAGE,958.5,True,
12156414,RUINED PORTAL,789.5,False,871.873
12156413,RUINED PORTAL,1099.0,True,
12156412,VILLAGE,1697.0,False,766.408
12156411,VILLAGE,1061.0,True,
12156410,SHIPWRECK,829.5,True,
12156409,VILLAGE,966.0,True,
12156407,VILLAGE,569.0,True,
12156406,RUINED PORTAL,762.0,True,
12156404,DESERT TEMPLE,704.0,True,
12156402,DESERT TEMPLE,522.0,True,
12156400,DESERT TEMPLE,1109.5,True,
12156397,DESERT TEMPLE,1171.0,True,
12156393,VILLAGE,582.5,False,1696.651
12156392,DESERT TEMPLE,1217.0,False,821.968
12156390,VILLAGE,621.5,False,1752.894
12156389,DESERT TEMPLE,525.0,False,1215.859
12156387,DESERT TEMPLE,830.0,False,834.618
12156386,VILLAGE,639.0,True,
12156380,VILLAGE,1827.0,False,608.75
12156378,SHIPWRECK,981.5,True,
12156377,DESERT TEMPLE,1243.0,True,
12156376,DESERT TEMPLE,1090.5,False,1022.065
12156375,VILLAGE,,True,
12156370,BURIED TREASURE,1535.5,False,616.869
12156369,DESERT TEMPLE,1139.5,False,939.392
12156368,DESERT TEMPLE,863.5,True,
12156367,SHIPWRECK,1452.0,False,835.146
12156364,SHIPWRECK,772.0,False,2699.835
12156362,VILLAGE,,True,
12156361,VILLAGE,999.0,True,
12156355,DESERT TEMPLE,285.0,True,
12156354,BURIED TREASURE,1335.0,False,768.444
12156352,SHIPWRECK,647.5,True,
12156350,SHIPWRECK,1666.5,False,789.322
12156349,SHIPWRECK,1558.5,True,
12156348,SHIPWRECK,712.0,False,1092.168
12156347,DESERT TEMPLE,836.5,True,
12156346,VILLAGE,1779.0,False,756.874
12156344,DESERT TEMPLE,792.5,False,929.143
12156342,VILLAGE,661.0,True,
12156341,RUINED PORTAL,1227.0,True,
12156340,RUINED PORTAL,1033.0,True,
12156339,RUINED PORTAL,1029.5,True,
12156338,RUINED PORTAL,1665.0,True,
12156337,RUINED PORTAL,1555.0,False,711.163
12156335,VILLAGE,929.5,False,1345.324
12156334,RUINED PORTAL,670.0,True,
12156332,DESERT TEMPLE,554.0,True,
12156331,SHIPWRECK,538.0,True,
12156330,SHIPWRECK,822.0,False,1798.3
12156326,RUINED PORTAL,1053.0,True,
12156324,DESERT TEMPLE,1140.5,True,
12156322,DESERT TEMPLE,441.5,True,
12156320,BURIED TREASURE,1503.5,False,834.561
12156317,VILLAGE,1004.5,False,928.494
12156316,BURIED TREASURE,1339.0,True,
12156315,VILLAGE,890.5,True,
12156313,VILLAGE,585.5,True,
12156310,DESERT TEMPLE,642.0,True,
12156309,RUINED PORTAL,1328.0,False,904.684
12156306,SHIPWRECK,562.0,True,
12156305,RUINED PORTAL,909.5,False,1049.708
12156304,DESERT TEMPLE,822.0,True,
12156303,RUINED PORTAL,1233.5,False,832.822
12156300,SHIPWRECK,627.0,True,
12156299,DESERT TEMPLE,722.0,False,1209.274
12156298,SHIPWRECK,416.0,True,
12156296,BURIED TREASURE,1376.0,False,968.474
12156295,SHIPWRECK,1163.5,False,983.779
12156293,VILLAGE,962.0,False,1394.201
12156291,DESERT TEMPLE,638.5,True,
12156289,DESERT TEMPLE,836.0,True,
12156287,VILLAGE,1526.5,False,695.029
12156286,DESERT TEMPLE,942.5,False,1299.099
12156283,RUINED PORTAL,1923.0,False,580.735
12156282,SHIPWRECK,567.0,True,
12156279,VILLAGE,1325.0,True,
12156278,VILLAGE,735.0,True,
12156276,DESERT TEMPLE,1660.5,True,
12156275,DESERT TEMPLE,,True,
12156274,VILLAGE,858.0,True,
12156273,DESERT TEMPLE,905.0,True,
12156272,VILLAGE,1398.5,False,647.436
12156270,BURIED TREASURE,2118.5,True,
12156269,BURIED TREASURE,1263.5,False,812.035
12156267,DESERT TEMPLE,1182.5,True,
12156261,RUINED PORTAL,613.0,True,
12156260,SHIPWRECK,1442.0,False,662.087
12156258,RUINED PORTAL,747.5,True,
12156257,VILLAGE,1064.5,True,
12156256,SHIPWRECK,545.0,False,1684.25
12156254,VILLAGE,761.0,True,
12156251,SHIPWRECK,747.0,True,
12156249,VILLAGE,963.0,False,927.687
12156248,DESERT TEMPLE,1323.0,True,
12156246,RUINED PORTAL,1108.5,False,1072.541
12156245,SHIPWRECK,1216.5,False,929.537
12156244,BURIED TREASURE,1298.5,True,
12156243,SHIPWRECK,1563.5,False,808.95
12156240,BURIED TREASURE,1458.0,True,
12156232,VILLAGE,896.5,True,
12156231,DESERT TEMPLE,1043.5,False,1136.533
12156229,DESERT TEMPLE,1283.5,True,
12156228,RUINED PORTAL,1844.5,True,
12156224,DESERT TEMPLE,536.0,True,
12156223,BURIED TREASURE,1234.0,False,823.644
12156222,DESERT TEMPLE,,True,
12156220,RUINED PORTAL,1198.5,False,1023.13
12156219,VILLAGE,2201.5,False,569.942
12156217,VILLAGE,1289.5,True,
12156216,DESERT TEMPLE,971.5,True,
12156215,RUINED PORTAL,918.0,False,1571.885
12156214,SHIPWRECK,1324.0,True,
12156213,RUINED PORTAL,772.0,True,
12156211,SHIPWRECK,1239.5,True,
12156210,VILLAGE,633.5,True,
12156209,DESERT TEMPLE,1134.5,False,1813.117
12156208,SHIPWRECK,732.5,True,
12156207,VILLAGE,582.0,True,
12156203,RUINED PORTAL,1325.0,False,821.729
12156202,VILLAGE,960.0,True,
12156197,VILLAGE,733.0,True,
12156194,VILLAGE,1501.5,False,785.537
12156193,DESERT TEMPLE,1542.0,True,
12156192,VILLAGE,1091.5,True,
12156190,SHIPWRECK,1228.0,False,925.614
12156188,DESERT TEMPLE,1060.0,True,
12156187,SHIPWRECK,1338.0,False,734.455
12156185,DESERT TEMPLE,938.0,False,1069.527
12156181,DESERT TEMPLE,816.0,False,1076.367
12156179,BURIED TREASURE,1481.0,False,797.265
12156178,RUINED PORTAL,978.0,False,1284.13
12156177,VILLAGE,678.0,True,
12156174,DESERT TEMPLE,349.0,True,
12156172,RUINED PORTAL,1735.5,False,910.207
12156170,RUINED PORTAL,704.0,True,
12156169,VILLAGE,373.5,True,
12156167,RUINED PORTAL,1083.0,False,1069.974
12156164,SHIPWRECK,869.0,False,906.132
12156161,RUINED PORTAL,1060.0,False,1495.031
12156160,DESERT TEMPLE,1721.0,True,
12156157,VILLAGE,798.5,False,1469.287
12156155,SHIPWRECK,1559.0,False,710.449
12156154,BURIED TREASURE,1670.5,True,
12156152,DESERT TEMPLE,783.0,False,1164.29
12156151,DESERT TEMPLE,731.0,True,
12156150,DESERT TEMPLE,1136.5,False,851.045
12156149,SHIPWRECK,546.0,True,
12156147,RUINED PORTAL,794.5,False,1137.07
12156143,BURIED TREASURE,1337.5,True,
12156136,RUINED PORTAL,1238.0,False,902.968
12156135,VILLAGE,458.5,True,
12156131,SHIPWRECK,1171.5,True,
12156128,SHIPWRECK,863.5,True,
12156127,RUINED PORTAL,688.0,True,
12156126,BURIED TREASURE,2211.0,True,
12156124,BURIED TREASURE,1717.0,False,670.843
12156122,DESERT TEMPLE,637.0,False,1125.565
12156120,VILLAGE,1030.5,True,
12156119,DESERT TEMPLE,438.0,True,
12156117,DESERT TEMPLE,1207.5,True,
12156115,DESERT TEMPLE,865.5,True,
12156114,VILLAGE,419.0,False,889.377
12156110,VILLAGE,510.0,True,
12156109,DESERT TEMPLE,1183.5,True,
12156105,DESERT TEMPLE,1658.0,False,574.721
12156104,RUINED PORTAL,1476.0,True,
12156103,DESERT TEMPLE,801.0,False,1087.923
12156102,DESERT TEMPLE,562.5,True,
12156100,VILLAGE,,True,
12156099,SHIPWRECK,874.5,True,
12156098,DESERT TEMPLE,864.0,True,
12156097,SHIPWRECK,916.0,True,
12156094,BURIED TREASURE,2103.5,False,506.766
12156091,SHIPWRECK,1808.5,True,
12156088,DESERT TEMPLE,1732.5,True,
12156087,RUINED PORTAL,1515.0,False,943.677
12156085,SHIPWRECK,1090.5,True,
12156083,DESERT TEMPLE,1041.5,False,957.826
12156081,SHIPWRECK,595.5,True,
12156080,RUINED PORTAL,1187.5,True,
12156077,RUINED PORTAL,1280.0,True,
12156074,VILLAGE,1355.5,False,730.555
12156069,SHIPWRECK,1033.0,False,966.691
12156068,VILLAGE,449.0,True,
12156067,VILLAGE,610.0,True,
12156066,DESERT TEMPLE,1170.0,False,922.433
12156064,VILLAGE,1277.0,False,1023.203
12156063,DESERT TEMPLE,1840.5,False,697.642
12156061,BURIED TREASURE,1495.0,False,629.752
12156060,DESERT TEMPLE,865.5,False,1529.808
12156058,DESERT TEMPLE,393.0,True,
12156057,VILLAGE,1669.5,False,774.783
12156056,DESERT TEMPLE,874.0,False,1658.986
12156051,DESERT TEMPLE,1166.0,False,855.705
12156049,VILLAGE,817.5,True,
12156048,VILLAGE,660.0,True,
12156047,RUINED PORTAL,1138.0,False,1266.502
12156043,DESERT TEMPLE,859.5,True,
12156041,SHIPWRECK,654.0,False,1185.668
12156040,VILLAGE,1038.5,True,
12156037,VILLAGE,522.0,True,
12156035,DESERT TEMPLE,813.0,True,
12156030,RUINED PORTAL,940.0,False,962.753
12156029,RUINED PORTAL,1461.5,False,875.049
12156028,RUINED PORTAL,2047.5,False,557.808
12156026,VILLAGE,287.0,True,
12156025,DESERT TEMPLE,1418.0,False,593.201
12156022,DESERT TEMPLE,883.0,True,
12156020,VILLAGE,1077.0,True,
12156018,VILLAGE,1035.0,False,1135.729
12156015,VILLAGE,,True,
12156013,VILLAGE,1311.0,False,1196.283
12156010,VILLAGE,413.0,True,
12156009,BURIED TREASURE,2054.5,False,644.693
12156007,DESERT TEMPLE,1536.5,False,619.875
12156006,DESERT TEMPLE,584.0,False,1171.889
12156003,VILLAGE,807.0,True,
12156001,VILLAGE,1085.0,False,770.41
12155999,BURIED TREASURE,1284.0,False,771.046
12155998,SHIPWRECK,815.5,True,
12155997,VILLAGE,2285.5,False,533.392
12155994,SHIPWRECK,1121.5,True,
12155990,VILLAGE,765.5,True,
12155989,VILLAGE,593.5,False,1157.101
12155988,RUINED PORTAL,1279.5,True,
12155986,SHIPWRECK,720.0,True,
12155985,BURIED TREASURE,1233.5,True,
12155982,RUINED PORTAL,819.0,True,
12155980,RUINED PORTAL,864.0,False,960.137
12155979,DESERT TEMPLE,635.0,True,
12155978,VILLAGE,922.5,False,986.057
12155975,DESERT TEMPLE,969.5,False,1228.922
12155972,VILLAGE,1135.0,False,586.953
12155971,RUINED PORTAL,1188.5,True,
12155969,DESERT TEMPLE,622.0,True,
12155968,VILLAGE,1223.0,False,840.289
12155964,DESERT TEMPLE,1583.5,False,504.838
12155963,DESERT TEMPLE,1352.5,False,546.966
12155962,DESERT TEMPLE,206.5,True,
12155961,VILLAGE,1252.5,False,756.83
12155960,VILLAGE,1198.0,True,
12155959,DESERT TEMPLE,1319.0,False,657.435
12155955,RUINED PORTAL,1524.5,False,730.253
12155952,VILLAGE,1028.0,False,752.964
12155951,DESERT TEMPLE,574.0,True,
12155949,VILLAGE,471.5,True,
12155948,DESERT TEMPLE,657.0,True,
12155946,VILLAGE,1881.0,False,597.526
12155944,VILLAGE,1127.0,False,1259.727
12155942,BURIED TREASURE,1273.0,True,
12155939,SHIPWRECK,1040.5,False,1077.246
12155937,DESERT TEMPLE,1826.5,False,712.214
12155936,SHIPWRECK,679.5,True,
12155933,VILLAGE,592.0,True,
12155930,DESERT TEMPLE,1595.5,False,588.466
